request_id,client_id,send_ts,receive_ts,latency_ms,success,error
620,3,1777406093.548471,1777406094.087480,539.008,1,
621,3,1777406094.087522,1777406094.594929,507.407,1,
20,0,1777406094.494291,1777406094.978691,484.399,1,
622,3,1777406094.595010,1777406095.099837,504.826,1,
1020,5,1777406094.874564,1777406095.391033,516.468,1,
21,0,1777406094.978736,1777406095.487681,508.945,1,
420,2,1777406095.040518,1777406095.544953,504.434,1,
623,3,1777406095.099877,1777406095.605831,505.953,1,
1220,6,1777406095.155152,1777406095.654044,498.891,1,
1620,8,1777406095.204056,1777406095.698254,494.197,1,
1420,7,1777406095.248928,1777406095.740107,491.178,1,
220,1,1777406095.307135,1777406095.785900,478.763,1,
1820,9,1777406095.353272,1777406095.849806,496.533,1,
1021,5,1777406095.391073,1777406095.900956,509.882,1,
820,4,1777406095.438246,1777406095.958004,519.756,1,
22,0,1777406095.487721,1777406096.007168,519.446,1,
421,2,1777406095.545025,1777406096.064211,519.185,1,
624,3,1777406095.605870,1777406096.118749,512.878,1,
1221,6,1777406095.654083,1777406096.165089,511.004,1,
1621,8,1777406095.698303,1777406096.225097,526.793,1,
1421,7,1777406095.740149,1777406096.270465,530.315,1,
221,1,1777406095.785936,1777406096.316145,530.208,1,
1821,9,1777406095.849848,1777406096.365312,515.463,1,
1022,5,1777406095.901028,1777406096.406000,504.971,1,
821,4,1777406095.958044,1777406096.458643,500.598,1,
23,0,1777406096.007209,1777406096.498534,491.324,1,
422,2,1777406096.064270,1777406096.543206,478.935,1,
625,3,1777406096.118789,1777406096.603717,484.926,1,
1222,6,1777406096.165160,1777406096.644640,479.479,1,
1622,8,1777406096.225148,1777406096.696088,470.940,1,
1422,7,1777406096.270509,1777406096.761122,490.612,1,
222,1,1777406096.316186,1777406096.801208,485.020,1,
1822,9,1777406096.365363,1777406096.850757,485.393,1,
1023,5,1777406096.406042,1777406096.899236,493.193,1,
822,4,1777406096.458688,1777406096.944059,485.371,1,
24,0,1777406096.498601,1777406096.978923,480.320,1,
423,2,1777406096.543249,1777406097.087647,544.397,1,
626,3,1777406096.603762,1777406097.148561,544.798,1,
1223,6,1777406096.644677,1777406097.199043,554.365,1,
1623,8,1777406096.696127,1777406097.253584,557.456,1,
1423,7,1777406096.761160,1777406097.309190,548.028,1,
223,1,1777406096.801246,1777406097.355820,554.573,1,
1823,9,1777406096.850798,1777406097.408835,558.036,1,
1024,5,1777406096.899284,1777406097.469393,570.107,1,
823,4,1777406096.944099,1777406097.520094,575.994,1,
25,0,1777406096.978962,1777406097.041075,62.111,1,
26,0,1777406097.041115,1777406097.578007,536.891,1,
424,2,1777406097.087686,1777406097.633641,545.955,1,
627,3,1777406097.148603,1777406097.689045,540.442,1,
1224,6,1777406097.199084,1777406097.736137,537.052,1,
1624,8,1777406097.253633,1777406097.780284,526.649,1,
1424,7,1777406097.309230,1777406097.838747,529.516,1,
224,1,1777406097.355856,1777406097.898396,542.539,1,
1824,9,1777406097.408873,1777406097.955594,546.720,1,
1025,5,1777406097.469438,1777406098.011247,541.807,1,
824,4,1777406097.520134,1777406098.068910,548.776,1,
27,0,1777406097.578047,1777406098.123961,545.913,1,
425,2,1777406097.633680,1777406098.184200,550.519,1,
628,3,1777406097.689092,1777406098.238246,549.153,1,
1225,6,1777406097.736176,1777406098.294863,558.686,1,
1625,8,1777406097.780332,1777406098.350945,570.612,1,
1425,7,1777406097.838786,1777406098.399657,560.870,1,
225,1,1777406097.898434,1777406098.450170,551.735,1,
1825,9,1777406097.955633,1777406098.491843,536.209,1,
1026,5,1777406098.011295,1777406098.546865,535.568,1,
825,4,1777406098.068950,1777406098.602515,533.564,1,
28,0,1777406098.124051,1777406098.661515,537.463,1,
426,2,1777406098.184237,1777406098.702909,518.671,1,
629,3,1777406098.238285,1777406098.762312,524.027,1,
1226,6,1777406098.294902,1777406098.815150,520.247,1,
1626,8,1777406098.351019,1777406098.862005,510.944,1,
1426,7,1777406098.399696,1777406098.901932,502.236,1,
226,1,1777406098.450205,1777406098.951347,501.141,1,
1826,9,1777406098.491891,1777406099.006958,515.065,1,
1027,5,1777406098.546903,1777406099.077260,530.356,1,
826,4,1777406098.602561,1777406099.140096,537.535,1,
29,0,1777406098.661615,1777406099.207294,545.679,1,
427,2,1777406098.702947,1777406099.262196,559.247,1,
630,3,1777406098.762423,1777406099.307227,544.803,1,
1227,6,1777406098.815192,1777406099.351178,535.986,1,
1627,8,1777406098.862047,1777406099.399095,537.047,1,
1427,7,1777406098.902002,1777406099.446065,544.063,1,
227,1,1777406098.951385,1777406099.482877,531.491,1,
1827,9,1777406099.007035,1777406099.517905,510.869,1,
1028,5,1777406099.077298,1777406099.561049,483.750,1,
827,4,1777406099.140137,1777406099.600160,460.022,1,
30,0,1777406099.207343,1777406099.651344,444.000,1,
428,2,1777406099.262234,1777406099.690237,428.002,1,
631,3,1777406099.307274,1777406099.731076,423.801,1,
1228,6,1777406099.351217,1777406099.788677,437.460,1,
1628,8,1777406099.399136,1777406099.850937,451.800,1,
1428,7,1777406099.446102,1777406099.896690,450.586,1,
228,1,1777406099.482917,1777406099.949379,466.461,1,
1828,9,1777406099.517946,1777406099.989680,471.733,1,
1029,5,1777406099.561088,1777406100.039009,477.920,1,
828,4,1777406099.600197,1777406100.092378,492.179,1,
31,0,1777406099.651385,1777406100.132728,481.342,1,
429,2,1777406099.690433,1777406100.183237,492.802,1,
632,3,1777406099.731117,1777406100.226290,495.172,1,
1229,6,1777406099.788717,1777406100.268038,479.320,1,
1629,8,1777406099.851014,1777406100.309087,458.072,1,
1429,7,1777406099.896730,1777406100.349845,453.114,1,
229,1,1777406099.949421,1777406100.399220,449.799,1,
1829,9,1777406099.989721,1777406100.457798,468.076,1,
1030,5,1777406100.039052,1777406100.501757,462.704,1,
829,4,1777406100.092424,1777406100.554497,462.072,1,
32,0,1777406100.132767,1777406100.596136,463.368,1,
430,2,1777406100.183390,1777406100.651036,467.645,1,
633,3,1777406100.226330,1777406100.689559,463.227,1,
1230,6,1777406100.268079,1777406100.743479,475.398,1,
1630,8,1777406100.309127,1777406100.789236,480.108,1,
1430,7,1777406100.349885,1777406100.836417,486.530,1,
230,1,1777406100.399260,1777406100.890367,491.106,1,
1830,9,1777406100.457836,1777406100.943492,485.656,1,
1031,5,1777406100.501796,1777406100.986157,484.360,1,
830,4,1777406100.554539,1777406101.040482,485.942,1,
33,0,1777406100.596175,1777406101.102377,506.200,1,
431,2,1777406100.651093,1777406101.169929,518.835,1,
634,3,1777406100.689617,1777406101.234471,544.853,1,
1231,6,1777406100.743577,1777406101.285751,542.173,1,
1631,8,1777406100.789275,1777406101.329060,539.784,1,
1431,7,1777406100.836465,1777406101.373157,536.692,1,
231,1,1777406100.890410,1777406101.420525,530.113,1,
1831,9,1777406100.943529,1777406101.463995,520.465,1,
1032,5,1777406100.986205,1777406101.512748,526.542,1,
831,4,1777406101.040526,1777406101.562491,521.964,1,
34,0,1777406101.102417,1777406101.604138,501.720,1,
432,2,1777406101.170017,1777406101.648454,478.437,1,
635,3,1777406101.234514,1777406101.692889,458.374,1,
1232,6,1777406101.285789,1777406101.736151,450.361,1,
1632,8,1777406101.329099,1777406101.792610,463.510,1,
1432,7,1777406101.373195,1777406101.851224,478.028,1,
232,1,1777406101.420567,1777406101.899894,479.327,1,
1832,9,1777406101.464037,1777406101.936413,472.375,1,
1033,5,1777406101.512802,1777406101.975233,462.430,1,
832,4,1777406101.562544,1777406102.019909,457.364,1,
35,0,1777406101.604177,1777406102.082041,477.863,1,
433,2,1777406101.648618,1777406102.139874,491.255,1,
636,3,1777406101.692928,1777406102.192372,499.443,1,
1233,6,1777406101.736205,1777406102.244031,507.825,1,
1633,8,1777406101.792651,1777406102.296883,504.231,1,
1433,7,1777406101.851414,1777406102.339186,487.771,1,
233,1,1777406101.899932,1777406102.377707,477.773,1,
1833,9,1777406101.936453,1777406102.419924,483.470,1,
1034,5,1777406101.975273,1777406102.465741,490.467,1,
833,4,1777406102.019947,1777406102.524051,504.103,1,
36,0,1777406102.082083,1777406102.566078,483.994,1,
434,2,1777406102.139911,1777406102.622159,482.246,1,
637,3,1777406102.192416,1777406102.673243,480.825,1,
1234,6,1777406102.244073,1777406102.725675,481.600,1,
1634,8,1777406102.296921,1777406102.783154,486.231,1,
1434,7,1777406102.339230,1777406102.840076,500.845,1,
234,1,1777406102.377745,1777406102.893185,515.438,1,
1834,9,1777406102.419962,1777406102.948176,528.213,1,
1035,5,1777406102.465781,1777406102.983942,518.160,1,
834,4,1777406102.524090,1777406103.037379,513.288,1,
37,0,1777406102.566115,1777406103.091639,525.523,1,
435,2,1777406102.622196,1777406103.146414,524.217,1,
638,3,1777406102.673406,1777406103.201094,527.687,1,
1235,6,1777406102.725715,1777406103.252815,527.098,1,
1635,8,1777406102.783196,1777406103.295492,512.295,1,
1435,7,1777406102.840115,1777406103.351453,511.336,1,
235,1,1777406102.893225,1777406103.394422,501.195,1,
1835,9,1777406102.948217,1777406103.460811,512.593,1,
1036,5,1777406102.984024,1777406103.504953,520.928,1,
835,4,1777406103.037417,1777406103.545449,508.031,1,
38,0,1777406103.091677,1777406103.592919,501.241,1,
436,2,1777406103.146455,1777406103.638282,491.826,1,
639,3,1777406103.201133,1777406103.691694,490.560,1,
1236,6,1777406103.252853,1777406103.744506,491.652,1,
1636,8,1777406103.295534,1777406103.807648,512.113,1,
1436,7,1777406103.351496,1777406103.857716,506.219,1,
236,1,1777406103.394471,1777406103.899608,505.136,1,
1836,9,1777406103.460850,1777406103.945059,484.209,1,
1037,5,1777406103.505025,1777406103.996226,491.200,1,
836,4,1777406103.545584,1777406104.039275,493.690,1,
39,0,1777406103.592956,1777406104.095773,502.816,1,
437,2,1777406103.638324,1777406104.156603,518.278,1,
640,3,1777406103.691732,1777406104.213565,521.831,1,
1237,6,1777406103.744547,1777406104.252374,507.827,1,
1637,8,1777406103.807695,1777406104.300220,492.524,1,
1437,7,1777406103.857756,1777406104.356710,498.953,1,
237,1,1777406103.899647,1777406104.405421,505.774,1,
1837,9,1777406103.945098,1777406104.457075,511.975,1,
1038,5,1777406103.996269,1777406104.504060,507.790,1,
837,4,1777406104.039317,1777406104.559911,520.594,1,
40,0,1777406104.095812,1777406104.613203,517.390,1,
438,2,1777406104.156644,1777406104.659456,502.811,1,
641,3,1777406104.213614,1777406104.702411,488.796,1,
1238,6,1777406104.252413,1777406104.748511,496.097,1,
1638,8,1777406104.300260,1777406104.810450,510.189,1,
1438,7,1777406104.356750,1777406104.887700,530.948,1,
238,1,1777406104.405473,1777406104.946660,541.186,1,
1838,9,1777406104.457113,1777406104.994168,537.053,1,
1039,5,1777406104.504101,1777406105.049840,545.738,1,
838,4,1777406104.559952,1777406105.106285,546.330,1,
41,0,1777406104.613398,1777406105.158831,545.432,1,
439,2,1777406104.659494,1777406105.210138,550.643,1,
642,3,1777406104.702453,1777406105.258763,556.309,1,
1239,6,1777406104.748556,1777406105.312023,563.465,1,
1639,8,1777406104.810581,1777406105.353499,542.917,1,
1439,7,1777406104.887738,1777406105.394579,506.840,1,
239,1,1777406104.946697,1777406105.448725,502.027,1,
1839,9,1777406104.994210,1777406105.499200,504.988,1,
1040,5,1777406105.049884,1777406105.547439,497.554,1,
839,4,1777406105.106334,1777406105.600374,494.039,1,
42,0,1777406105.158879,1777406105.649033,490.153,1,
440,2,1777406105.210183,1777406105.704952,494.768,1,
643,3,1777406105.258813,1777406105.754239,495.425,1,
1240,6,1777406105.312064,1777406105.795116,483.050,1,
1640,8,1777406105.353540,1777406105.858315,504.773,1,
1440,7,1777406105.394619,1777406105.900639,506.020,1,
240,1,1777406105.448762,1777406105.944407,495.644,1,
1840,9,1777406105.499414,1777406105.998002,498.587,1,
1041,5,1777406105.547605,1777406106.053933,506.328,1,
840,4,1777406105.600413,1777406106.099061,498.647,1,
43,0,1777406105.649073,1777406106.157070,507.997,1,
441,2,1777406105.705030,1777406106.206167,501.136,1,
644,3,1777406105.754284,1777406106.251786,497.501,1,
1241,6,1777406105.795159,1777406106.299249,504.089,1,
1641,8,1777406105.858368,1777406106.354156,495.787,1,
1441,7,1777406105.900679,1777406106.399065,498.385,1,
241,1,1777406105.944448,1777406106.453872,509.423,1,
1841,9,1777406105.998045,1777406106.498898,500.853,1,
1042,5,1777406106.054001,1777406106.548802,494.800,1,
841,4,1777406106.099101,1777406106.607312,508.209,1,
44,0,1777406106.157109,1777406106.659671,502.561,1,
442,2,1777406106.206207,1777406106.718215,512.008,1,
645,3,1777406106.251824,1777406106.774340,522.516,1,
1242,6,1777406106.299288,1777406106.834171,534.882,1,
1642,8,1777406106.354201,1777406106.879627,525.424,1,
1442,7,1777406106.399107,1777406106.927348,528.240,1,
242,1,1777406106.453911,1777406106.972195,518.283,1,
1842,9,1777406106.498937,1777406107.024998,526.060,1,
1043,5,1777406106.548843,1777406107.088947,540.103,1,
842,4,1777406106.607353,1777406107.141557,534.203,1,
45,0,1777406106.659710,1777406107.193078,533.367,1,
443,2,1777406106.718261,1777406107.237218,518.956,1,
646,3,1777406106.774392,1777406107.277097,502.705,1,
1243,6,1777406106.834211,1777406107.319381,485.170,1,
1643,8,1777406106.879672,1777406107.368086,488.413,1,
1443,7,1777406106.927388,1777406107.419502,492.114,1,
243,1,1777406106.972232,1777406107.465685,493.452,1,
1843,9,1777406107.025035,1777406107.512462,487.426,1,
1044,5,1777406107.089029,1777406107.566078,477.048,1,
843,4,1777406107.141608,1777406107.622809,481.201,1,
46,0,1777406107.193117,1777406107.689809,496.691,1,
444,2,1777406107.237260,1777406107.740423,503.162,1,
647,3,1777406107.277138,1777406107.784540,507.401,1,
1244,6,1777406107.319419,1777406107.835820,516.400,1,
1644,8,1777406107.368123,1777406107.885017,516.893,1,
1444,7,1777406107.419546,1777406107.937900,518.353,1,
244,1,1777406107.465724,1777406107.987168,521.444,1,
1844,9,1777406107.512545,1777406108.034136,521.590,1,
1045,5,1777406107.566118,1777406108.098440,532.321,1,
844,4,1777406107.622848,1777406108.158999,536.150,1,
47,0,1777406107.689849,1777406108.214629,524.780,1,
445,2,1777406107.740463,1777406108.268918,528.454,1,
648,3,1777406107.784590,1777406108.324901,540.310,1,
1245,6,1777406107.835859,1777406108.381762,545.902,1,
1645,8,1777406107.885059,1777406108.429666,544.606,1,
1445,7,1777406107.937940,1777406108.476448,538.507,1,
245,1,1777406107.987208,1777406108.524630,537.421,1,
1845,9,1777406108.034182,1777406108.566098,531.915,1,
1046,5,1777406108.098484,1777406108.617171,518.686,1,
845,4,1777406108.159040,1777406108.659179,500.138,1,
48,0,1777406108.214672,1777406108.697806,483.133,1,
446,2,1777406108.268959,1777406108.748728,479.769,1,
649,3,1777406108.324940,1777406108.798173,473.232,1,
1246,6,1777406108.381806,1777406108.859565,477.758,1,
1646,8,1777406108.429710,1777406108.907635,477.924,1,
1446,7,1777406108.476487,1777406108.951252,474.764,1,
246,1,1777406108.524669,1777406108.994343,469.673,1,
1846,9,1777406108.566139,1777406109.045590,479.449,1,
1047,5,1777406108.617211,1777406109.096445,479.233,1,
846,4,1777406108.659216,1777406109.146475,487.258,1,
49,0,1777406108.697843,1777406109.187875,490.031,1,
447,2,1777406108.748768,1777406109.243595,494.826,1,
650,3,1777406108.798212,1777406109.282679,484.466,1,
1247,6,1777406108.859616,1777406109.330650,471.032,1,
1647,8,1777406108.907678,1777406109.380009,472.330,1,
1447,7,1777406108.951446,1777406109.434112,482.665,1,
247,1,1777406108.994381,1777406109.484733,490.350,1,
1847,9,1777406109.045630,1777406109.524280,478.648,1,
1048,5,1777406109.096483,1777406109.595192,498.707,1,
847,4,1777406109.146559,1777406109.653052,506.492,1,
50,0,1777406109.187918,1777406109.695255,507.336,1,
448,2,1777406109.243636,1777406109.749293,505.657,1,
651,3,1777406109.282718,1777406109.793937,511.218,1,
1248,6,1777406109.330689,1777406109.833641,502.951,1,
1648,8,1777406109.380054,1777406109.888520,508.465,1,
1448,7,1777406109.434159,1777406109.941716,507.556,1,
248,1,1777406109.484782,1777406109.991953,507.170,1,
1848,9,1777406109.524318,1777406110.045754,521.434,1,
1049,5,1777406109.595229,1777406110.100450,505.220,1,
848,4,1777406109.653089,1777406110.156947,503.857,1,
51,0,1777406109.695294,1777406110.209423,514.128,1,
449,2,1777406109.749332,1777406110.253450,504.117,1,
652,3,1777406109.794008,1777406110.293746,499.737,1,
1249,6,1777406109.833690,1777406110.335224,501.533,1,
1649,8,1777406109.888560,1777406110.379762,491.201,1,
1449,7,1777406109.941754,1777406110.423522,481.767,1,
249,1,1777406109.992018,1777406110.471115,479.097,1,
1849,9,1777406110.045791,1777406110.524028,478.236,1,
1050,5,1777406110.100491,1777406110.566877,466.385,1,
849,4,1777406110.157018,1777406110.615660,458.641,1,
52,0,1777406110.209466,1777406110.653112,443.645,1,
450,2,1777406110.253505,1777406110.699599,446.093,1,
653,3,1777406110.293786,1777406110.752437,458.650,1,
1250,6,1777406110.335261,1777406110.806646,471.383,1,
1650,8,1777406110.379800,1777406110.858220,478.419,1,
1450,7,1777406110.423563,1777406110.917661,494.098,1,
250,1,1777406110.471157,1777406110.971877,500.719,1,
1850,9,1777406110.524069,1777406111.018367,494.296,1,
1051,5,1777406110.566917,1777406111.075485,508.567,1,
850,4,1777406110.615698,1777406111.132368,516.669,1,
53,0,1777406110.653152,1777406111.198942,545.790,1,
451,2,1777406110.699639,1777406111.248251,548.610,1,
654,3,1777406110.752480,1777406111.297139,544.658,1,
1251,6,1777406110.806686,1777406111.356585,549.898,1,
1651,8,1777406110.858427,1777406111.418066,559.638,1,
1451,7,1777406110.917701,1777406111.469548,551.846,1,
251,1,1777406110.971915,1777406111.539829,567.913,1,
1851,9,1777406111.018415,1777406111.592835,574.419,1,
1052,5,1777406111.075531,1777406111.642702,567.169,1,
851,4,1777406111.132408,1777406111.699619,567.211,1,
54,0,1777406111.199013,1777406111.750563,551.549,1,
452,2,1777406111.248311,1777406111.800031,551.719,1,
655,3,1777406111.297192,1777406111.840866,543.673,1,
1252,6,1777406111.356630,1777406111.885700,529.069,1,
1652,8,1777406111.418126,1777406111.934024,515.896,1,
1452,7,1777406111.469586,1777406111.981740,512.152,1,
252,1,1777406111.539867,1777406112.028047,488.179,1,
1852,9,1777406111.592874,1777406112.091928,499.052,1,
1053,5,1777406111.642743,1777406112.148778,506.034,1,
852,4,1777406111.699663,1777406112.204071,504.407,1,
55,0,1777406111.750620,1777406112.263901,513.280,1,
453,2,1777406111.800070,1777406112.308953,508.882,1,
656,3,1777406111.840935,1777406112.354721,513.785,1,
1253,6,1777406111.885737,1777406112.404016,518.278,1,
1653,8,1777406111.934066,1777406112.467421,533.354,1,
1453,7,1777406111.981779,1777406112.525317,543.538,1,
253,1,1777406112.028089,1777406112.573014,544.924,1,
1853,9,1777406112.092017,1777406112.614878,522.860,1,
1054,5,1777406112.148817,1777406112.659436,510.617,1,
853,4,1777406112.204114,1777406112.716500,512.385,1,
56,0,1777406112.263938,1777406112.772316,508.377,1,
454,2,1777406112.309040,1777406112.828915,519.874,1,
657,3,1777406112.354759,1777406112.875589,520.829,1,
1254,6,1777406112.404057,1777406112.913930,509.872,1,
1654,8,1777406112.467586,1777406112.963521,495.933,1,
1454,7,1777406112.525364,1777406113.018458,493.093,1,
254,1,1777406112.573062,1777406113.078008,504.946,1,
1854,9,1777406112.614919,1777406113.136555,521.635,1,
1055,5,1777406112.659485,1777406113.199219,539.733,1,
854,4,1777406112.716539,1777406113.256018,539.478,1,
57,0,1777406112.772354,1777406113.302689,530.333,1,
455,2,1777406112.828960,1777406113.348876,519.914,1,
658,3,1777406112.875630,1777406113.398761,523.130,1,
1255,6,1777406112.914006,1777406113.446177,532.171,1,
1655,8,1777406112.963564,1777406113.498923,535.358,1,
1455,7,1777406113.018500,1777406113.552647,534.146,1,
255,1,1777406113.078061,1777406113.597255,519.193,1,
1855,9,1777406113.136600,1777406113.641460,504.858,1,
1056,5,1777406113.199257,1777406113.700916,501.659,1,
855,4,1777406113.256058,1777406113.746584,490.525,1,
58,0,1777406113.302727,1777406113.809669,506.940,1,
456,2,1777406113.348926,1777406113.862045,513.118,1,
659,3,1777406113.398801,1777406113.917324,518.522,1,
1256,6,1777406113.446217,1777406113.974713,528.495,1,
1656,8,1777406113.498961,1777406114.025124,526.161,1,
1456,7,1777406113.552686,1777406114.077888,525.201,1,
256,1,1777406113.597291,1777406114.139526,542.233,1,
1856,9,1777406113.641501,1777406114.195886,554.384,1,
1057,5,1777406113.700952,1777406114.254470,553.517,1,
856,4,1777406113.746630,1777406114.314672,568.040,1,
59,0,1777406113.809708,1777406114.376674,566.965,1,
457,2,1777406113.862084,1777406114.435744,573.659,1,
660,3,1777406113.917373,1777406114.482100,564.726,1,
1257,6,1777406113.974752,1777406114.537694,562.942,1,
1657,8,1777406114.025162,1777406114.574790,549.627,1,
1457,7,1777406114.077924,1777406114.623101,545.176,1,
257,1,1777406114.139574,1777406114.670434,530.860,1,
1857,9,1777406114.195929,1777406114.712034,516.105,1,
1058,5,1777406114.254515,1777406114.769369,514.853,1,
857,4,1777406114.314709,1777406114.831866,517.156,1,
60,0,1777406114.376713,1777406114.886333,509.620,1,
458,2,1777406114.435784,1777406114.937682,501.898,1,
661,3,1777406114.482139,1777406114.999169,517.028,1,
1258,6,1777406114.537750,1777406115.059033,521.281,1,
1658,8,1777406114.574831,1777406115.114713,539.881,1,
1458,7,1777406114.623140,1777406115.172585,549.444,1,
258,1,1777406114.670478,1777406115.226034,555.555,1,
1858,9,1777406114.712073,1777406115.283320,571.246,1,
1059,5,1777406114.769408,1777406115.337435,568.025,1,
858,4,1777406114.831904,1777406115.390155,558.250,1,
61,0,1777406114.886376,1777406115.445935,559.558,1,
459,2,1777406114.937724,1777406115.489385,551.660,1,
662,3,1777406114.999209,1777406115.535021,535.811,1,
1259,6,1777406115.059074,1777406115.582674,523.599,1,
1659,8,1777406115.114756,1777406115.623342,508.586,1,
1459,7,1777406115.172627,1777406115.668027,495.398,1,
259,1,1777406115.226084,1777406115.704945,478.859,1,
1859,9,1777406115.283374,1777406115.758505,475.130,1,
1060,5,1777406115.337484,1777406115.796239,458.754,1,
859,4,1777406115.390194,1777406115.836326,446.131,1,
62,0,1777406115.446021,1777406115.882851,436.829,1,
460,2,1777406115.489430,1777406115.933170,443.739,1,
663,3,1777406115.535064,1777406115.983435,448.370,1,
1260,6,1777406115.582713,1777406116.037088,454.374,1,
1660,8,1777406115.623383,1777406116.087557,464.173,1,
1460,7,1777406115.668066,1777406116.134815,466.749,1,
260,1,1777406115.705106,1777406116.192797,487.693,1,
1860,9,1777406115.758556,1777406116.250573,492.016,1,
1061,5,1777406115.796292,1777406116.304137,507.844,1,
860,4,1777406115.836368,1777406116.360831,524.461,1,
63,0,1777406115.882892,1777406116.409863,526.970,1,
461,2,1777406115.933209,1777406116.463116,529.906,1,
664,3,1777406115.983479,1777406116.506710,523.230,1,
1261,6,1777406116.037151,1777406116.562705,525.552,1,
1661,8,1777406116.087608,1777406116.606376,518.767,1,
1461,7,1777406116.134855,1777406116.663062,528.206,1,
261,1,1777406116.192837,1777406116.716554,523.716,1,
1861,9,1777406116.250613,1777406116.760049,509.435,1,
1062,5,1777406116.304176,1777406116.818233,514.056,1,
861,4,1777406116.360870,1777406116.867016,506.145,1,
64,0,1777406116.409901,1777406116.911130,501.228,1,
462,2,1777406116.463153,1777406116.954331,491.177,1,
665,3,1777406116.506752,1777406116.999718,492.965,1,
1262,6,1777406116.562745,1777406117.054221,491.475,1,
1662,8,1777406116.606417,1777406117.108711,502.293,1,
1462,7,1777406116.663103,1777406117.161696,498.592,1,
262,1,1777406116.716605,1777406117.216056,499.450,1,
1862,9,1777406116.760089,1777406117.278546,518.456,1,
1063,5,1777406116.818350,1777406117.338931,520.581,1,
862,4,1777406116.867058,1777406117.395856,528.798,1,
65,0,1777406116.911168,1777406117.443848,532.679,1,
463,2,1777406116.954379,1777406117.497671,543.291,1,
666,3,1777406116.999757,1777406117.544550,544.792,1,
1263,6,1777406117.054420,1777406117.585711,531.290,1,
1663,8,1777406117.108748,1777406117.631833,523.084,1,
1463,7,1777406117.161742,1777406117.677872,516.129,1,
263,1,1777406117.216095,1777406117.729838,513.742,1,
1863,9,1777406117.278586,1777406117.782349,503.762,1,
1064,5,1777406117.339005,1777406117.825039,486.033,1,
863,4,1777406117.395898,1777406117.870922,475.024,1,
66,0,1777406117.443888,1777406117.915508,471.619,1,
464,2,1777406117.497710,1777406117.961010,463.300,1,
667,3,1777406117.544600,1777406118.012527,467.926,1,
1264,6,1777406117.585778,1777406118.081033,495.254,1,
1664,8,1777406117.631880,1777406118.138724,506.843,1,
1464,7,1777406117.677910,1777406118.187130,509.220,1,
264,1,1777406117.729881,1777406118.246906,517.024,1,
1864,9,1777406117.782388,1777406118.285766,503.377,1,
1065,5,1777406117.825082,1777406118.335228,510.145,1,
864,4,1777406117.870963,1777406118.382932,511.969,1,
67,0,1777406117.915546,1777406118.420184,504.637,1,
465,2,1777406117.961048,1777406118.464860,503.811,1,
668,3,1777406118.012653,1777406118.509060,496.406,1,
1265,6,1777406118.081077,1777406118.550692,469.613,1,
1665,8,1777406118.138762,1777406118.591739,452.976,1,
1465,7,1777406118.187170,1777406118.637896,450.725,1,
265,1,1777406118.246946,1777406118.678488,431.542,1,
1865,9,1777406118.285804,1777406118.720034,434.229,1,
1066,5,1777406118.335268,1777406118.761469,426.200,1,
865,4,1777406118.383005,1777406118.819849,436.844,1,
68,0,1777406118.420225,1777406118.872807,452.581,1,
466,2,1777406118.464898,1777406118.927047,462.147,1,
669,3,1777406118.509101,1777406118.973511,464.409,1,
1266,6,1777406118.550733,1777406119.016637,465.904,1,
1666,8,1777406118.591779,1777406119.068899,477.118,1,
1466,7,1777406118.637933,1777406119.111027,473.094,1,
266,1,1777406118.678526,1777406119.154916,476.389,1,
1866,9,1777406118.720079,1777406119.205898,485.818,1,
1067,5,1777406118.761516,1777406119.264812,503.295,1,
866,4,1777406118.819889,1777406119.317344,497.455,1,
69,0,1777406118.872845,1777406119.356586,483.740,1,
467,2,1777406118.927089,1777406119.403500,476.409,1,
670,3,1777406118.973576,1777406119.457262,483.685,1,
1267,6,1777406119.016682,1777406119.506451,489.768,1,
1667,8,1777406119.068936,1777406119.558939,490.001,1,
1467,7,1777406119.111067,1777406119.600081,489.013,1,
267,1,1777406119.154955,1777406119.663189,508.233,1,
1867,9,1777406119.205938,1777406119.710091,504.152,1,
1068,5,1777406119.264856,1777406119.755906,491.049,1,
867,4,1777406119.317383,1777406119.802238,484.854,1,
70,0,1777406119.356626,1777406119.848962,492.335,1,
468,2,1777406119.403550,1777406119.893946,490.394,1,
671,3,1777406119.457301,1777406119.948108,490.806,1,
1268,6,1777406119.506495,1777406119.993527,487.032,1,
1668,8,1777406119.559012,1777406120.039720,480.707,1,
1468,7,1777406119.600121,1777406120.088918,488.796,1,
268,1,1777406119.663229,1777406120.136571,473.341,1,
1868,9,1777406119.710133,1777406120.191020,480.886,1,
1069,5,1777406119.755947,1777406120.242263,486.315,1,
868,4,1777406119.802292,1777406120.301862,499.569,1,
71,0,1777406119.849035,1777406120.351837,502.801,1,
469,2,1777406119.894085,1777406120.394468,500.383,1,
672,3,1777406119.948147,1777406120.458180,510.032,1,
1269,6,1777406119.993648,1777406120.508680,515.032,1,
1669,8,1777406120.039759,1777406120.556570,516.809,1,
1469,7,1777406120.088958,1777406120.612294,523.335,1,
269,1,1777406120.136620,1777406120.666654,530.023,1,
1869,9,1777406120.191061,1777406120.710935,519.873,1,
1070,5,1777406120.242312,1777406120.763004,520.691,1,
869,4,1777406120.301901,1777406120.820116,518.215,1,
72,0,1777406120.351875,1777406120.878449,526.573,1,
470,2,1777406120.394516,1777406120.944622,550.105,1,
673,3,1777406120.458220,1777406121.004166,545.945,1,
1270,6,1777406120.508720,1777406121.061898,553.176,1,
1670,8,1777406120.556625,1777406121.114537,557.911,1,
1470,7,1777406120.612415,1777406121.174936,562.520,1,
270,1,1777406120.666698,1777406121.224197,557.498,1,
1870,9,1777406120.711012,1777406121.282829,571.816,1,
1071,5,1777406120.763045,1777406121.330024,566.977,1,
870,4,1777406120.820155,1777406121.392204,572.047,1,
73,0,1777406120.878495,1777406121.446135,567.639,1,
471,2,1777406120.944664,1777406121.498881,554.216,1,
674,3,1777406121.004205,1777406121.535806,531.600,1,
1271,6,1777406121.061937,1777406121.577872,515.934,1,
1671,8,1777406121.114577,1777406121.627187,512.610,1,
1471,7,1777406121.175008,1777406121.670444,495.435,1,
271,1,1777406121.224235,1777406121.708453,484.217,1,
1871,9,1777406121.282868,1777406121.754499,471.630,1,
1072,5,1777406121.330065,1777406121.817615,487.548,1,
871,4,1777406121.392402,1777406121.873211,480.808,1,
74,0,1777406121.446172,1777406121.925591,479.419,1,
472,2,1777406121.498918,1777406121.968436,469.516,1,
675,3,1777406121.535845,1777406122.016956,481.110,1,
1272,6,1777406121.577910,1777406122.072362,494.451,1,
1672,8,1777406121.627234,1777406122.128641,501.407,1,
1472,7,1777406121.670486,1777406122.191830,521.343,1,
272,1,1777406121.708493,1777406122.237589,529.095,1,
1872,9,1777406121.754560,1777406122.276888,522.327,1,
1073,5,1777406121.817657,1777406122.321065,503.407,1,
872,4,1777406121.873248,1777406122.362131,488.883,1,
75,0,1777406121.925634,1777406122.403140,477.505,1,
473,2,1777406121.968485,1777406122.465520,497.034,1,
676,3,1777406122.017030,1777406122.523422,506.391,1,
1273,6,1777406122.072402,1777406122.580456,508.053,1,
1673,8,1777406122.128701,1777406122.628937,500.235,1,
1473,7,1777406122.191881,1777406122.679828,487.946,1,
273,1,1777406122.237640,1777406122.740171,502.530,1,
1873,9,1777406122.276927,1777406122.787262,510.334,1,
1074,5,1777406122.321110,1777406122.845648,524.538,1,
873,4,1777406122.362173,1777406122.900518,538.345,1,
76,0,1777406122.403180,1777406122.955721,552.540,1,
474,2,1777406122.465577,1777406123.008816,543.238,1,
677,3,1777406122.523459,1777406123.064495,541.035,1,
1274,6,1777406122.580499,1777406123.121620,541.120,1,
1674,8,1777406122.629024,1777406123.188756,559.731,1,
1474,7,1777406122.679867,1777406123.242150,562.282,1,
274,1,1777406122.740210,1777406123.295880,555.669,1,
1874,9,1777406122.787299,1777406123.348167,560.867,1,
1075,5,1777406122.845688,1777406123.399777,554.089,1,
874,4,1777406122.900564,1777406123.450866,550.300,1,
77,0,1777406122.955760,1777406123.498996,543.235,1,
475,2,1777406123.008858,1777406123.556648,547.790,1,
678,3,1777406123.064541,1777406123.613685,549.143,1,
1275,6,1777406123.121662,1777406123.660146,538.482,1,
1675,8,1777406123.188799,1777406123.720350,531.550,1,
1475,7,1777406123.242192,1777406123.785879,543.686,1,
275,1,1777406123.295934,1777406123.846243,550.308,1,
1875,9,1777406123.348206,1777406123.890822,542.615,1,
1076,5,1777406123.399819,1777406123.929273,529.453,1,
875,4,1777406123.450917,1777406123.981691,530.774,1,
78,0,1777406123.499038,1777406124.039743,540.704,1,
476,2,1777406123.556721,1777406124.098503,541.781,1,
679,3,1777406123.613724,1777406124.156913,543.187,1,
1276,6,1777406123.660189,1777406124.214010,553.819,1,
1676,8,1777406123.720401,1777406124.268839,548.437,1,
1476,7,1777406123.785917,1777406124.322293,536.375,1,
276,1,1777406123.846298,1777406124.380711,534.412,1,
1876,9,1777406123.890861,1777406124.435737,544.875,1,
1077,5,1777406123.929319,1777406124.491101,561.782,1,
876,4,1777406123.981731,1777406124.545002,563.269,1,
79,0,1777406124.039781,1777406124.586707,546.926,1,
477,2,1777406124.098554,1777406124.630657,532.102,1,
680,3,1777406124.156951,1777406124.685448,528.483,1,
1277,6,1777406124.214054,1777406124.738394,524.339,1,
1677,8,1777406124.268879,1777406124.791438,522.557,1,
1477,7,1777406124.322350,1777406124.849101,526.750,1,
277,1,1777406124.380750,1777406124.904869,524.118,1,
1877,9,1777406124.435775,1777406124.960045,524.269,1,
1078,5,1777406124.491142,1777406125.015870,524.727,1,
877,4,1777406124.545054,1777406125.071443,526.389,1,
80,0,1777406124.586752,1777406125.131153,544.400,1,
478,2,1777406124.630697,1777406125.190227,559.529,1,
681,3,1777406124.685625,1777406125.246335,560.708,1,
1278,6,1777406124.738444,1777406125.303604,565.160,1,
1678,8,1777406124.791483,1777406125.366672,575.188,1,
1478,7,1777406124.849144,1777406125.428111,578.965,1,
278,1,1777406124.904906,1777406125.467766,562.859,1,
1878,9,1777406124.960084,1777406125.527272,567.187,1,
1079,5,1777406125.015913,1777406125.576429,560.515,1,
878,4,1777406125.071484,1777406125.630329,558.844,1,
81,0,1777406125.131197,1777406125.678515,547.317,1,
479,2,1777406125.190267,1777406125.740645,550.378,1,
682,3,1777406125.246382,1777406125.798553,552.170,1,
1279,6,1777406125.303644,1777406125.849502,545.857,1,
1679,8,1777406125.366713,1777406125.895654,528.940,1,
1479,7,1777406125.428152,1777406125.950957,522.803,1,
279,1,1777406125.467805,1777406126.011601,543.795,1,
1879,9,1777406125.527324,1777406126.075856,548.531,1,
1080,5,1777406125.576470,1777406126.131218,554.747,1,
879,4,1777406125.630368,1777406126.189449,559.080,1,
82,0,1777406125.678566,1777406126.247085,568.517,1,
480,2,1777406125.740686,1777406126.297079,556.391,1,
683,3,1777406125.798614,1777406126.342424,543.809,1,
1280,6,1777406125.849542,1777406126.392737,543.194,1,
1680,8,1777406125.895699,1777406126.432740,537.041,1,
1480,7,1777406125.951034,1777406126.472684,521.649,1,
280,1,1777406126.011655,1777406126.515859,504.203,1,
1880,9,1777406126.075892,1777406126.559582,483.688,1,
1081,5,1777406126.131257,1777406126.601127,469.869,1,
880,4,1777406126.189496,1777406126.654470,464.973,1,
83,0,1777406126.247123,1777406126.701810,454.686,1,
481,2,1777406126.297117,1777406126.752328,455.211,1,
684,3,1777406126.342462,1777406126.795058,452.595,1,
1281,6,1777406126.392776,1777406126.843053,450.276,1,
1681,8,1777406126.432778,1777406126.887861,455.082,1,
1481,7,1777406126.472731,1777406126.923347,450.615,1,
281,1,1777406126.515900,1777406126.963924,448.023,1,
1881,9,1777406126.559622,1777406127.006476,446.853,1,
1082,5,1777406126.601169,1777406127.065303,464.133,1,
881,4,1777406126.654513,1777406127.124139,469.624,1,
84,0,1777406126.701850,1777406127.173075,471.224,1,
482,2,1777406126.752367,1777406127.223173,470.805,1,
685,3,1777406126.795099,1777406127.258631,463.518,1,
1282,6,1777406126.843163,1777406127.308039,464.876,1,
1682,8,1777406126.887906,1777406127.350901,462.994,1,
1482,7,1777406126.923396,1777406127.391112,467.715,1,
282,1,1777406126.964028,1777406127.435171,471.142,1,
1882,9,1777406127.006617,1777406127.476781,470.163,1,
1083,5,1777406127.065345,1777406127.521610,456.263,1,
882,4,1777406127.124178,1777406127.560870,436.691,1,
85,0,1777406127.173113,1777406127.601993,428.879,1,
483,2,1777406127.223221,1777406127.644341,421.119,1,
686,3,1777406127.258673,1777406127.693047,434.373,1,
1283,6,1777406127.308082,1777406127.746962,438.878,1,
1683,8,1777406127.350944,1777406127.803349,452.404,1,
1483,7,1777406127.391154,1777406127.849839,458.684,1,
283,1,1777406127.435210,1777406127.899577,464.366,1,
1883,9,1777406127.476821,1777406127.947924,471.101,1,
1084,5,1777406127.521657,1777406127.986792,465.133,1,
883,4,1777406127.560911,1777406128.034637,473.726,1,
86,0,1777406127.602034,1777406128.082762,480.727,1,
484,2,1777406127.644382,1777406128.147819,503.436,1,
687,3,1777406127.693088,1777406128.203273,510.184,1,
1284,6,1777406127.747110,1777406128.269023,521.913,1,
1684,8,1777406127.803392,1777406128.310426,507.033,1,
1484,7,1777406127.849879,1777406128.355759,505.880,1,
284,1,1777406127.899615,1777406128.407043,507.427,1,
1884,9,1777406127.947962,1777406128.456187,508.223,1,
1085,5,1777406127.986834,1777406128.506484,519.649,1,
884,4,1777406128.034678,1777406128.572154,537.474,1,
87,0,1777406128.082807,1777406128.628645,545.837,1,
485,2,1777406128.147859,1777406128.669018,521.157,1,
688,3,1777406128.203317,1777406128.724131,520.813,1,
1285,6,1777406128.269065,1777406128.767617,498.551,1,
1685,8,1777406128.310472,1777406128.819886,509.413,1,
1485,7,1777406128.355805,1777406128.873437,517.632,1,
285,1,1777406128.407087,1777406128.913612,506.524,1,
1885,9,1777406128.456226,1777406128.958375,502.148,1,
1086,5,1777406128.506525,1777406129.009825,503.299,1,
885,4,1777406128.572195,1777406129.065325,493.129,1,
88,0,1777406128.628682,1777406129.117115,488.433,1,
486,2,1777406128.669065,1777406129.161403,492.337,1,
689,3,1777406128.724168,1777406129.207055,482.886,1,
1286,6,1777406128.767657,1777406129.250882,483.224,1,
1686,8,1777406128.819928,1777406129.291523,471.594,1,
1486,7,1777406128.873478,1777406129.328147,454.669,1,
286,1,1777406128.913648,1777406129.371693,458.044,1,
1886,9,1777406128.958418,1777406129.414051,455.631,1,
1087,5,1777406129.009863,1777406129.467861,457.997,1,
886,4,1777406129.065365,1777406129.518408,453.042,1,
89,0,1777406129.117154,1777406129.571292,454.138,1,
487,2,1777406129.161444,1777406129.619299,457.854,1,
690,3,1777406129.207106,1777406129.677439,470.333,1,
1287,6,1777406129.250921,1777406129.719071,468.149,1,
1687,8,1777406129.291574,1777406129.756234,464.659,1,
1487,7,1777406129.328186,1777406129.797091,468.905,1,
287,1,1777406129.371734,1777406129.836832,465.097,1,
1887,9,1777406129.414092,1777406129.890756,476.662,1,
1088,5,1777406129.467904,1777406129.949883,481.977,1,
887,4,1777406129.518445,1777406129.991649,473.203,1,
90,0,1777406129.571343,1777406130.044583,473.239,1,
488,2,1777406129.619339,1777406130.096684,477.345,1,
691,3,1777406129.677487,1777406130.148728,471.240,1,
1288,6,1777406129.719113,1777406130.201163,482.049,1,
1688,8,1777406129.756279,1777406130.249245,492.965,1,
1488,7,1777406129.797132,1777406130.292829,495.696,1,
288,1,1777406129.836881,1777406130.330663,493.781,1,
1888,9,1777406129.890802,1777406130.375841,485.037,1,
1089,5,1777406129.949922,1777406130.424917,474.994,1,
888,4,1777406129.991691,1777406130.480157,488.465,1,
91,0,1777406130.044622,1777406130.540435,495.812,1,
489,2,1777406130.096725,1777406130.598709,501.982,1,
692,3,1777406130.148767,1777406130.659137,510.369,1,
1289,6,1777406130.201206,1777406130.700863,499.656,1,
1689,8,1777406130.249286,1777406130.758945,509.659,1,
1489,7,1777406130.292867,1777406130.801857,508.989,1,
289,1,1777406130.330702,1777406130.850605,519.902,1,
1889,9,1777406130.375885,1777406130.910278,534.392,1,
1090,5,1777406130.424957,1777406130.973754,548.796,1,
889,4,1777406130.480197,1777406131.018300,538.102,1,
92,0,1777406130.540477,1777406131.074889,534.411,1,
490,2,1777406130.598747,1777406131.128496,529.748,1,
693,3,1777406130.659176,1777406131.186215,527.038,1,
1290,6,1777406130.700902,1777406131.235857,534.954,1,
1690,8,1777406130.759015,1777406131.290766,531.749,1,
1490,7,1777406130.801900,1777406131.347510,545.609,1,
290,1,1777406130.850645,1777406131.405777,555.132,1,
1890,9,1777406130.910329,1777406131.461570,551.240,1,
1091,5,1777406130.973799,1777406131.509039,535.239,1,
890,4,1777406131.018357,1777406131.546010,527.652,1,
93,0,1777406131.074938,1777406131.591434,516.495,1,
491,2,1777406131.128539,1777406131.649725,521.185,1,
694,3,1777406131.186256,1777406131.689105,502.848,1,
1291,6,1777406131.235899,1777406131.730214,494.315,1,
1691,8,1777406131.290806,1777406131.783902,493.096,1,
1491,7,1777406131.347655,1777406131.826810,479.155,1,
291,1,1777406131.405817,1777406131.873865,468.048,1,
1891,9,1777406131.461629,1777406131.919469,457.839,1,
1092,5,1777406131.509093,1777406131.973842,464.749,1,
891,4,1777406131.546055,1777406132.024859,478.803,1,
94,0,1777406131.591487,1777406132.076735,485.248,1,
492,2,1777406131.649766,1777406132.135769,486.002,1,
695,3,1777406131.689143,1777406132.196788,507.644,1,
1292,6,1777406131.730257,1777406132.244102,513.845,1,
1692,8,1777406131.783959,1777406132.289016,505.056,1,
1492,7,1777406131.826847,1777406132.342022,515.173,1,
292,1,1777406131.873905,1777406132.398737,524.831,1,
1892,9,1777406131.919510,1777406132.450117,530.605,1,
1093,5,1777406131.973887,1777406132.505867,531.979,1,
892,4,1777406132.024897,1777406132.554070,529.171,1,
95,0,1777406132.076776,1777406132.608121,531.344,1,
493,2,1777406132.135807,1777406132.663468,527.661,1,
696,3,1777406132.196827,1777406132.713696,516.868,1,
1293,6,1777406132.244143,1777406132.767812,523.668,1,
1693,8,1777406132.289056,1777406132.824778,535.721,1,
1493,7,1777406132.342062,1777406132.883141,541.078,1,
293,1,1777406132.398778,1777406132.937114,538.335,1,
1893,9,1777406132.450222,1777406132.977255,527.034,1,
1094,5,1777406132.505906,1777406133.034330,528.422,1,
893,4,1777406132.554109,1777406133.092036,537.925,1,
96,0,1777406132.608160,1777406133.149643,541.481,1,
494,2,1777406132.663508,1777406133.214071,550.562,1,
697,3,1777406132.713735,1777406133.272717,558.981,1,
1294,6,1777406132.767853,1777406133.319063,551.209,1,
1694,8,1777406132.824819,1777406133.381889,557.069,1,
1494,7,1777406132.883198,1777406133.426166,542.966,1,
294,1,1777406132.937155,1777406133.475725,538.569,1,
1894,9,1777406132.977295,1777406133.541257,563.961,1,
1095,5,1777406133.034380,1777406133.596731,562.350,1,
894,4,1777406133.092077,1777406133.641797,549.719,1,
97,0,1777406133.149687,1777406133.694095,544.407,1,
495,2,1777406133.214114,1777406133.761931,547.816,1,
698,3,1777406133.272754,1777406133.820483,547.728,1,
1295,6,1777406133.319102,1777406133.868927,549.824,1,
1695,8,1777406133.381929,1777406133.921085,539.155,1,
1495,7,1777406133.426213,1777406133.970162,543.948,1,
295,1,1777406133.475767,1777406134.022139,546.371,1,
1895,9,1777406133.541298,1777406134.081289,539.990,1,
1096,5,1777406133.596769,1777406134.141368,544.598,1,
895,4,1777406133.641837,1777406134.205749,563.911,1,
98,0,1777406133.694133,1777406134.254040,559.906,1,
496,2,1777406133.762006,1777406134.297254,535.247,1,
699,3,1777406133.820522,1777406134.373615,553.092,1,
1296,6,1777406133.868964,1777406134.430396,561.431,1,
1696,8,1777406133.921124,1777406134.470948,549.822,1,
1496,7,1777406133.970202,1777406134.517899,547.695,1,
296,1,1777406134.022179,1777406134.580043,557.862,1,
1896,9,1777406134.081330,1777406134.644388,563.057,1,
1097,5,1777406134.141407,1777406134.696345,554.936,1,
896,4,1777406134.205789,1777406134.746950,541.160,1,
99,0,1777406134.254078,1777406134.787638,533.559,1,
497,2,1777406134.297299,1777406134.832779,535.479,1,
700,3,1777406134.373651,1777406134.884609,510.956,1,
1297,6,1777406134.430444,1777406134.944867,514.421,1,
1697,8,1777406134.471020,1777406135.001897,530.877,1,
1497,7,1777406134.517939,1777406135.065324,547.384,1,
297,1,1777406134.580114,1777406135.131174,551.059,1,
1897,9,1777406134.644440,1777406135.190207,545.767,1,
1098,5,1777406134.696393,1777406135.253900,557.506,1,
897,4,1777406134.747047,1777406135.311864,564.817,1,
100,0,1777406134.787680,1777406135.370932,583.252,1,
498,2,1777406134.832821,1777406135.434438,601.616,1,
701,3,1777406134.884653,1777406135.491543,606.889,1,
1298,6,1777406134.944910,1777406135.544130,599.219,1,
1698,8,1777406135.001937,1777406135.592451,590.513,1,
1498,7,1777406135.065374,1777406135.636019,570.643,1,
298,1,1777406135.131314,1777406135.694478,563.163,1,
1898,9,1777406135.190247,1777406135.749123,558.875,1,
1099,5,1777406135.253942,1777406135.800289,546.346,1,
898,4,1777406135.311906,1777406135.856745,544.838,1,
101,0,1777406135.371009,1777406135.897915,526.906,1,
499,2,1777406135.434478,1777406135.947242,512.762,1,
702,3,1777406135.491582,1777406135.990205,498.622,1,
1299,6,1777406135.544169,1777406136.049667,505.497,1,
1699,8,1777406135.592493,1777406136.102557,510.063,1,
1499,7,1777406135.636059,1777406136.159151,523.091,1,
299,1,1777406135.694533,1777406136.218465,523.931,1,
1899,9,1777406135.749186,1777406136.267826,518.639,1,
1100,5,1777406135.800338,1777406136.318181,517.841,1,
899,4,1777406135.856788,1777406136.373167,516.378,1,
102,0,1777406135.897953,1777406136.433190,535.237,1,
500,2,1777406135.947438,1777406136.491827,544.387,1,
703,3,1777406135.990244,1777406136.541029,550.783,1,
1300,6,1777406136.049706,1777406136.595151,545.444,1,
1700,8,1777406136.102600,1777406136.640439,537.838,1,
1500,7,1777406136.159189,1777406136.693955,534.764,1,
300,1,1777406136.218518,1777406136.750874,532.355,1,
1900,9,1777406136.267866,1777406136.811819,543.952,1,
1101,5,1777406136.318221,1777406136.855951,537.729,1,
900,4,1777406136.373208,1777406136.897467,524.259,1,
103,0,1777406136.433246,1777406136.947242,513.995,1,
501,2,1777406136.491864,1777406137.006521,514.656,1,
704,3,1777406136.541070,1777406137.067944,526.873,1,
1301,6,1777406136.595194,1777406137.131702,536.508,1,
1701,8,1777406136.640632,1777406137.192090,551.457,1,
1501,7,1777406136.694025,1777406137.248309,554.284,1,
301,1,1777406136.750913,1777406137.307760,556.845,1,
1901,9,1777406136.811859,1777406137.369334,557.474,1,
1102,5,1777406136.856022,1777406137.421779,565.756,1,
901,4,1777406136.897510,1777406137.482063,584.552,1,
104,0,1777406136.947458,1777406137.539697,592.237,1,
502,2,1777406137.006571,1777406137.600219,593.647,1,
705,3,1777406137.068010,1777406137.658436,590.425,1,
1302,6,1777406137.131742,1777406137.713360,581.617,1,
1702,8,1777406137.192133,1777406137.771831,579.696,1,
1502,7,1777406137.248347,1777406137.825566,577.218,1,
302,1,1777406137.308019,1777406137.884138,576.109,1,
1902,9,1777406137.369375,1777406137.939202,569.826,1,
1103,5,1777406137.421819,1777406137.989648,567.829,1,
902,4,1777406137.482101,1777406138.049500,567.398,1,
105,0,1777406137.539735,1777406138.120187,580.452,1,
503,2,1777406137.600409,1777406138.178498,578.088,1,
706,3,1777406137.658476,1777406138.229269,570.792,1,
1303,6,1777406137.713409,1777406138.271132,557.722,1,
1703,8,1777406137.771869,1777406138.314822,542.951,1,
1503,7,1777406137.825609,1777406138.359476,533.866,1,
303,1,1777406137.884194,1777406138.405147,520.952,1,
1903,9,1777406137.939242,1777406138.447130,507.887,1,
1104,5,1777406137.989687,1777406138.502839,513.151,1,
903,4,1777406138.049539,1777406138.557009,507.469,1,
106,0,1777406138.120227,1777406138.613233,493.005,1,
504,2,1777406138.178549,1777406138.669586,491.037,1,
707,3,1777406138.229321,1777406138.710041,480.718,1,
1304,6,1777406138.271170,1777406138.751112,479.941,1,
1704,8,1777406138.314860,1777406138.791790,476.930,1,
1504,7,1777406138.359526,1777406138.847218,487.691,1,
304,1,1777406138.405187,1777406138.893756,488.568,1,
1904,9,1777406138.447170,1777406138.951486,504.315,1,
1105,5,1777406138.502877,1777406139.007674,504.796,1,
904,4,1777406138.557050,1777406139.062850,505.798,1,
107,0,1777406138.613414,1777406139.125237,511.823,1,
505,2,1777406138.669626,1777406139.182213,512.585,1,
708,3,1777406138.710090,1777406139.230078,519.986,1,
1305,6,1777406138.751156,1777406139.283899,532.743,1,
1705,8,1777406138.791834,1777406139.343693,551.857,1,
1505,7,1777406138.847356,1777406139.397700,550.343,1,
305,1,1777406138.893797,1777406139.451409,557.611,1,
1905,9,1777406138.951529,1777406139.513712,562.182,1,
1106,5,1777406139.007716,1777406139.557726,550.009,1,
905,4,1777406139.062891,1777406139.606956,544.065,1,
108,0,1777406139.125453,1777406139.664427,538.973,1,
506,2,1777406139.182414,1777406139.726887,544.472,1,
709,3,1777406139.230118,1777406139.795644,565.525,1,
1306,6,1777406139.283936,1777406139.838402,554.464,1,
1706,8,1777406139.343733,1777406139.890861,547.127,1,
1506,7,1777406139.397738,1777406139.946541,548.802,1,
306,1,1777406139.451450,1777406139.998130,546.680,1,
1906,9,1777406139.513750,1777406140.052697,538.946,1,
1107,5,1777406139.557765,1777406140.111690,553.924,1,
906,4,1777406139.607027,1777406140.172829,565.801,1,
109,0,1777406139.664474,1777406140.230143,565.668,1,
507,2,1777406139.726928,1777406140.289889,562.961,1,
710,3,1777406139.795684,1777406140.353643,557.959,1,
1307,6,1777406139.838450,1777406140.401107,562.657,1,
1707,8,1777406139.890900,1777406140.455515,564.614,1,
1507,7,1777406139.946580,1777406140.508338,561.757,1,
307,1,1777406139.998175,1777406140.552912,554.736,1,
1907,9,1777406140.052734,1777406140.606707,553.973,1,
1108,5,1777406140.111729,1777406140.667832,556.101,1,
907,4,1777406140.172869,1777406140.729179,556.309,1,
110,0,1777406140.230183,1777406140.776693,546.509,1,
508,2,1777406140.289927,1777406140.817099,527.171,1,
711,3,1777406140.353709,1777406140.876753,523.043,1,
1308,6,1777406140.401153,1777406140.928740,527.586,1,
1708,8,1777406140.455555,1777406140.986068,530.512,1,
1508,7,1777406140.508383,1777406141.046176,537.791,1,
308,1,1777406140.552953,1777406141.102384,549.429,1,
1908,9,1777406140.606754,1777406141.159793,553.038,1,
1109,5,1777406140.667881,1777406141.218997,551.115,1,
908,4,1777406140.729218,1777406141.287621,558.403,1,
111,0,1777406140.776740,1777406141.345899,569.158,1,
509,2,1777406140.817148,1777406141.411112,593.963,1,
712,3,1777406140.876792,1777406141.473257,596.464,1,
1309,6,1777406140.928781,1777406141.533622,604.839,1,
1709,8,1777406140.986107,1777406141.585608,599.499,1,
1509,7,1777406141.046215,1777406141.629313,583.098,1,
309,1,1777406141.102432,1777406141.683302,580.851,1,
1909,9,1777406141.159833,1777406141.742395,582.561,1,
1110,5,1777406141.219037,1777406141.801800,582.763,1,
909,4,1777406141.287659,1777406141.856912,569.251,1,
112,0,1777406141.345939,1777406141.912803,566.863,1,
510,2,1777406141.411151,1777406141.968880,557.728,1,
713,3,1777406141.473315,1777406142.028161,554.846,1,
1310,6,1777406141.533665,1777406142.088252,554.586,1,
1710,8,1777406141.585653,1777406142.153249,567.595,1,
1510,7,1777406141.629363,1777406142.221849,592.484,1,
310,1,1777406141.683366,1777406142.275272,591.905,1,
1910,9,1777406141.742432,1777406142.332067,589.634,1,
1111,5,1777406141.801849,1777406142.383010,581.160,1,
910,4,1777406141.856951,1777406142.440442,583.490,1,
113,0,1777406141.912846,1777406142.496682,583.834,1,
511,2,1777406141.968917,1777406142.553535,584.616,1,
714,3,1777406142.028198,1777406142.609952,581.753,1,
1311,6,1777406142.088290,1777406142.665418,577.127,1,
1711,8,1777406142.153288,1777406142.732146,578.857,1,
1511,7,1777406142.221887,1777406142.797714,575.826,1,
311,1,1777406142.275312,1777406142.855078,579.764,1,
1911,9,1777406142.332107,1777406142.915074,582.966,1,
1112,5,1777406142.383050,1777406142.971023,587.972,1,
911,4,1777406142.440486,1777406143.029072,588.585,1,
114,0,1777406142.496721,1777406143.088254,591.524,1,
512,2,1777406142.553586,1777406143.150640,597.053,1,
715,3,1777406142.610018,1777406143.207824,597.805,1,
1312,6,1777406142.665463,1777406143.269212,603.748,1,
1712,8,1777406142.732190,1777406143.335415,603.225,1,
1512,7,1777406142.797756,1777406143.398289,600.532,1,
312,1,1777406142.855115,1777406143.451057,595.940,1,
1912,9,1777406142.915115,1777406143.498178,583.061,1,
1113,5,1777406142.971064,1777406143.544931,573.866,1,
912,4,1777406143.029112,1777406143.597841,568.728,1,
115,0,1777406143.088453,1777406143.646838,558.385,1,
513,2,1777406143.150679,1777406143.695230,544.550,1,
716,3,1777406143.207863,1777406143.732533,524.669,1,
1313,6,1777406143.269252,1777406143.773459,504.206,1,
1713,8,1777406143.335455,1777406143.810200,474.744,1,
1513,7,1777406143.398395,1777406143.862887,464.491,1,
313,1,1777406143.451096,1777406143.917578,466.481,1,
1913,9,1777406143.498223,1777406143.960029,461.805,1,
1114,5,1777406143.544997,1777406144.003514,458.516,1,
913,4,1777406143.597882,1777406144.052482,454.599,1,
116,0,1777406143.646878,1777406144.110003,463.124,1,
514,2,1777406143.695279,1777406144.162276,466.996,1,
717,3,1777406143.732574,1777406144.211810,479.234,1,
1314,6,1777406143.773509,1777406144.268848,495.338,1,
1714,8,1777406143.810240,1777406144.324236,513.996,1,
1514,7,1777406143.862926,1777406144.376764,513.837,1,
314,1,1777406143.917619,1777406144.430260,512.640,1,
1914,9,1777406143.960067,1777406144.486780,526.712,1,
1115,5,1777406144.003558,1777406144.538818,535.258,1,
914,4,1777406144.052532,1777406144.578265,525.732,1,
117,0,1777406144.110046,1777406144.622570,512.523,1,
515,2,1777406144.162327,1777406144.674092,511.764,1,
718,3,1777406144.211850,1777406144.728767,516.916,1,
1315,6,1777406144.268885,1777406144.779326,510.440,1,
1715,8,1777406144.324275,1777406144.844166,519.890,1,
1515,7,1777406144.376805,1777406144.896971,520.164,1,
315,1,1777406144.430299,1777406144.942392,512.092,1,
1915,9,1777406144.486823,1777406144.999895,513.071,1,
1116,5,1777406144.538868,1777406145.068654,529.785,1,
915,4,1777406144.578303,1777406145.127555,549.251,1,
118,0,1777406144.622618,1777406145.183546,560.927,1,
516,2,1777406144.674128,1777406145.244037,569.907,1,
719,3,1777406144.728805,1777406145.289876,561.070,1,
1316,6,1777406144.779365,1777406145.326255,546.889,1,
1716,8,1777406144.844209,1777406145.381701,537.490,1,
1516,7,1777406144.897010,1777406145.475208,578.196,1,
316,1,1777406144.942436,1777406145.527531,585.094,1,
1916,9,1777406144.999933,1777406145.590369,590.435,1,
1117,5,1777406145.068700,1777406145.649276,580.575,1,
916,4,1777406145.127594,1777406145.706836,579.241,1,
119,0,1777406145.183596,1777406145.768650,585.053,1,
517,2,1777406145.244075,1777406145.824060,579.984,1,
720,3,1777406145.289915,1777406145.875317,585.401,1,
1317,6,1777406145.326301,1777406145.932549,606.247,1,
1717,8,1777406145.381744,1777406145.979110,597.365,1,
1517,7,1777406145.475247,1777406146.045872,570.624,1,
317,1,1777406145.527572,1777406146.117606,590.032,1,
1917,9,1777406145.590415,1777406146.174447,584.031,1,
1118,5,1777406145.649324,1777406146.237331,588.006,1,
917,4,1777406145.706874,1777406146.301629,594.753,1,
120,0,1777406145.768694,1777406146.360030,591.334,1,
518,2,1777406145.824103,1777406146.425857,601.753,1,
721,3,1777406145.875355,1777406146.488826,613.469,1,
1318,6,1777406145.932588,1777406146.551081,618.492,1,
1718,8,1777406145.979150,1777406146.616044,636.894,1,
1518,7,1777406146.045911,1777406146.673197,627.286,1,
318,1,1777406146.117646,1777406146.729884,612.237,1,
1918,9,1777406146.174488,1777406146.787507,613.018,1,
1119,5,1777406146.237373,1777406146.842544,605.170,1,
918,4,1777406146.301673,1777406146.898657,596.983,1,
121,0,1777406146.360069,1777406146.952692,592.623,1,
519,2,1777406146.425895,1777406147.003552,577.656,1,
722,3,1777406146.488864,1777406147.062951,574.086,1,
1319,6,1777406146.551125,1777406147.129400,578.273,1,
1719,8,1777406146.616091,1777406147.189146,573.054,1,
1519,7,1777406146.673235,1777406147.250056,576.820,1,
319,1,1777406146.729929,1777406147.315903,585.973,1,
1919,9,1777406146.787554,1777406147.373867,586.312,1,
1120,5,1777406146.842596,1777406147.431654,589.056,1,
919,4,1777406146.898696,1777406147.490895,592.198,1,
122,0,1777406146.952732,1777406147.547315,594.582,1,
520,2,1777406147.003593,1777406147.599190,595.596,1,
723,3,1777406147.063019,1777406147.644816,581.796,1,
1320,6,1777406147.129440,1777406147.690840,561.399,1,
1720,8,1777406147.189186,1777406147.743959,554.772,1,
1520,7,1777406147.250095,1777406147.805690,555.595,1,
320,1,1777406147.315943,1777406147.862164,546.219,1,
1920,9,1777406147.373911,1777406147.909585,535.672,1,
1121,5,1777406147.431693,1777406147.971134,539.440,1,
920,4,1777406147.490934,1777406148.040687,549.752,1,
123,0,1777406147.547358,1777406148.151364,604.005,1,
521,2,1777406147.599229,1777406148.230736,631.506,1,
724,3,1777406147.644854,1777406148.304356,659.502,1,
1321,6,1777406147.690881,1777406148.364320,673.437,1,
1721,8,1777406147.744026,1777406148.429249,685.221,1,
1521,7,1777406147.805730,1777406148.515920,710.189,1,
321,1,1777406147.862203,1777406148.593252,731.048,1,
1921,9,1777406147.909631,1777406148.665366,755.734,1,
1122,5,1777406147.971173,1777406148.728156,756.982,1,
921,4,1777406148.040729,1777406148.793734,753.004,1,
124,0,1777406148.151405,1777406148.867455,716.049,1,
522,2,1777406148.230777,1777406148.925448,694.671,1,
725,3,1777406148.304402,1777406148.980874,676.471,1,
1322,6,1777406148.364368,1777406149.047656,683.287,1,
1722,8,1777406148.429302,1777406149.116359,687.055,1,
1522,7,1777406148.515959,1777406149.181110,665.150,1,
322,1,1777406148.593292,1777406149.238129,644.835,1,
1922,9,1777406148.665407,1777406149.294620,629.211,1,
1123,5,1777406148.728217,1777406149.351813,623.594,1,
922,4,1777406148.793774,1777406149.408494,614.718,1,
125,0,1777406148.867499,1777406149.471038,603.538,1,
523,2,1777406148.925491,1777406149.530203,604.711,1,
726,3,1777406148.980921,1777406149.602066,621.144,1,
1323,6,1777406149.047697,1777406149.683184,635.487,1,
1723,8,1777406149.116405,1777406149.757461,641.055,1,
1523,7,1777406149.181151,1777406149.805190,624.038,1,
323,1,1777406149.238169,1777406149.873196,635.027,1,
1923,9,1777406149.294668,1777406149.928546,633.878,1,
1124,5,1777406149.351854,1777406149.984950,633.096,1,
923,4,1777406149.408543,1777406150.042820,634.277,1,
126,0,1777406149.471075,1777406150.103435,632.358,1,
524,2,1777406149.530241,1777406150.163862,633.620,1,
727,3,1777406149.602104,1777406150.220444,618.339,1,
1324,6,1777406149.683224,1777406150.276311,593.085,1,
1724,8,1777406149.757502,1777406150.322263,564.760,1,
1524,7,1777406149.805230,1777406150.381358,576.127,1,
324,1,1777406149.873246,1777406150.439570,566.322,1,
1924,9,1777406149.928586,1777406150.479721,551.134,1,
1125,5,1777406149.985031,1777406150.529756,544.724,1,
924,4,1777406150.042860,1777406150.575302,532.441,1,
127,0,1777406150.103476,1777406150.620154,516.677,1,
525,2,1777406150.163899,1777406150.674352,510.451,1,
728,3,1777406150.220488,1777406150.712409,491.919,1,
1325,6,1777406150.276366,1777406150.759255,482.888,1,
1725,8,1777406150.322303,1777406150.807060,484.756,1,
1525,7,1777406150.381407,1777406150.856375,474.966,1,
325,1,1777406150.439607,1777406150.897197,457.590,1,
1925,9,1777406150.479764,1777406150.936399,456.634,1,
1126,5,1777406150.529813,1777406150.982238,452.419,1,
925,4,1777406150.575351,1777406151.021949,446.596,1,
128,0,1777406150.620202,1777406151.080915,460.712,1,
526,2,1777406150.674397,1777406151.147919,473.522,1,
729,3,1777406150.712450,1777406151.216478,504.028,1,
1326,6,1777406150.759305,1777406151.272462,513.156,1,
1726,8,1777406150.807108,1777406151.317467,510.357,1,
1526,7,1777406150.856424,1777406151.375845,519.419,1,
326,1,1777406150.897236,1777406151.449887,552.650,1,
1926,9,1777406150.936438,1777406151.508250,571.811,1,
1127,5,1777406150.982291,1777406151.562578,580.286,1,
926,4,1777406151.022056,1777406151.620680,598.624,1,
129,0,1777406151.080954,1777406151.680349,599.393,1,
527,2,1777406151.147960,1777406151.734101,586.140,1,
730,3,1777406151.216518,1777406151.783123,566.605,1,
1327,6,1777406151.272506,1777406151.830913,558.406,1,
1727,8,1777406151.317599,1777406151.879776,562.172,1,
1527,7,1777406151.375884,1777406151.937622,561.737,1,
327,1,1777406151.449926,1777406151.993960,544.033,1,
1927,9,1777406151.508465,1777406152.054673,546.207,1,
1128,5,1777406151.562620,1777406152.120758,558.137,1,
927,4,1777406151.620722,1777406152.170647,549.924,1,
130,0,1777406151.680388,1777406152.226611,546.222,1,
528,2,1777406151.734146,1777406152.265380,531.233,1,
731,3,1777406151.783162,1777406152.308877,525.714,1,
1328,6,1777406151.830955,1777406152.368372,537.415,1,
1728,8,1777406151.879829,1777406152.403116,523.286,1,
1528,7,1777406151.937669,1777406152.453111,515.441,1,
328,1,1777406151.994055,1777406152.491891,497.836,1,
1928,9,1777406152.054713,1777406152.539066,484.351,1,
1129,5,1777406152.120797,1777406152.579658,458.860,1,
928,4,1777406152.170687,1777406152.619914,449.226,1,
131,0,1777406152.226651,1777406152.662928,436.275,1,
529,2,1777406152.265424,1777406152.705009,439.584,1,
732,3,1777406152.308915,1777406152.747594,438.678,1,
1329,6,1777406152.368421,1777406152.793410,424.989,1,
1729,8,1777406152.403157,1777406152.849169,446.012,1,
1529,7,1777406152.453154,1777406152.905378,452.223,1,
329,1,1777406152.491932,1777406152.953297,461.364,1,
1929,9,1777406152.539127,1777406152.999896,460.768,1,
1130,5,1777406152.579698,1777406153.061819,482.120,1,
929,4,1777406152.619956,1777406153.121861,501.904,1,
132,0,1777406152.662997,1777406153.183887,520.889,1,
530,2,1777406152.705048,1777406153.233838,528.789,1,
733,3,1777406152.747630,1777406153.280120,532.489,1,
1330,6,1777406152.793454,1777406153.327372,533.916,1,
1730,8,1777406152.849208,1777406153.380858,531.648,1,
1530,7,1777406152.905416,1777406153.437212,531.795,1,
330,1,1777406152.953461,1777406153.489044,535.582,1,
1930,9,1777406152.999933,1777406153.543063,543.129,1,
1131,5,1777406153.061862,1777406153.607701,545.838,1,
930,4,1777406153.121900,1777406153.651161,529.260,1,
133,0,1777406153.183924,1777406153.690251,506.326,1,
531,2,1777406153.233876,1777406153.729922,496.045,1,
734,3,1777406153.280156,1777406153.776489,496.332,1,
1331,6,1777406153.327420,1777406153.829346,501.925,1,
1731,8,1777406153.380897,1777406153.904859,523.962,1,
1531,7,1777406153.437253,1777406153.949162,511.908,1,
331,1,1777406153.489087,1777406153.996719,507.632,1,
1931,9,1777406153.543101,1777406154.042727,499.624,1,
1132,5,1777406153.607742,1777406154.099507,491.764,1,
931,4,1777406153.651201,1777406154.153054,501.851,1,
134,0,1777406153.690288,1777406154.194168,503.880,1,
532,2,1777406153.730009,1777406154.238446,508.436,1,
735,3,1777406153.776639,1777406154.289185,512.545,1,
1332,6,1777406153.829385,1777406154.331291,501.905,1,
1732,8,1777406153.904899,1777406154.377033,472.132,1,
1532,7,1777406153.949199,1777406154.422249,473.048,1,
332,1,1777406153.996758,1777406154.465554,468.796,1,
1932,9,1777406154.042772,1777406154.508249,465.476,1,
1133,5,1777406154.099609,1777406154.554030,454.421,1,
932,4,1777406154.153092,1777406154.594179,441.085,1,
135,0,1777406154.194207,1777406154.653865,459.657,1,
533,2,1777406154.238491,1777406154.699557,461.065,1,
736,3,1777406154.289367,1777406154.750737,461.369,1,
1333,6,1777406154.331331,1777406154.794864,463.532,1,
1733,8,1777406154.377072,1777406154.844163,467.090,1,
1533,7,1777406154.422424,1777406154.884084,461.660,1,
333,1,1777406154.465593,1777406154.927586,461.991,1,
1933,9,1777406154.508289,1777406154.969440,461.150,1,
1134,5,1777406154.554073,1777406155.047668,493.595,1,
933,4,1777406154.594219,1777406155.091740,497.520,1,
136,0,1777406154.653904,1777406155.152345,498.440,1,
534,2,1777406154.699597,1777406155.201094,501.496,1,
737,3,1777406154.750774,1777406155.261374,510.599,1,
1334,6,1777406154.794904,1777406155.316629,521.724,1,
1734,8,1777406154.844203,1777406155.373090,528.887,1,
1534,7,1777406154.884127,1777406155.421780,537.652,1,
334,1,1777406154.927635,1777406155.466778,539.142,1,
1934,9,1777406154.969482,1777406155.510824,541.341,1,
1135,5,1777406155.047714,1777406155.559055,511.339,1,
934,4,1777406155.091779,1777406155.609502,517.722,1,
137,0,1777406155.152387,1777406155.653238,500.850,1,
535,2,1777406155.201132,1777406155.712654,511.520,1,
738,3,1777406155.261424,1777406155.769483,508.057,1,
1335,6,1777406155.316666,1777406155.812914,496.247,1,
1735,8,1777406155.373129,1777406155.855842,482.712,1,
1535,7,1777406155.421822,1777406155.912824,491.001,1,
335,1,1777406155.466816,1777406155.955720,488.903,1,
1935,9,1777406155.510867,1777406156.006788,495.920,1,
1136,5,1777406155.559098,1777406156.054726,495.626,1,
935,4,1777406155.609551,1777406156.108085,498.533,1,
138,0,1777406155.653405,1777406156.156034,502.627,1,
536,2,1777406155.712695,1777406156.209194,496.498,1,
739,3,1777406155.769531,1777406156.249563,480.031,1,
1336,6,1777406155.812952,1777406156.295853,482.899,1,
1736,8,1777406155.855880,1777406156.349960,494.079,1,
1536,7,1777406155.912863,1777406156.397200,484.336,1,
336,1,1777406155.955758,1777406156.442884,487.125,1,
1936,9,1777406156.006840,1777406156.488767,481.925,1,
1137,5,1777406156.054765,1777406156.550992,496.199,1,
936,4,1777406156.108128,1777406156.600922,492.793,1,
139,0,1777406156.156079,1777406156.658815,502.735,1,
537,2,1777406156.209236,1777406156.704145,494.908,1,
740,3,1777406156.249608,1777406156.761271,511.662,1,
1337,6,1777406156.295892,1777406156.826500,530.606,1,
1737,8,1777406156.350028,1777406156.876741,526.712,1,
1537,7,1777406156.397237,1777406156.931639,534.401,1,
337,1,1777406156.442924,1777406156.982831,539.905,1,
1937,9,1777406156.488807,1777406157.038389,549.582,1,
1138,5,1777406156.551035,1777406157.087455,536.418,1,
937,4,1777406156.600960,1777406157.130343,529.383,1,
140,0,1777406156.658853,1777406157.179707,520.853,1,
538,2,1777406156.704184,1777406157.222464,518.280,1,
741,3,1777406156.761323,1777406157.266530,505.206,1,
1338,6,1777406156.826544,1777406157.312593,486.048,1,
1738,8,1777406156.876779,1777406157.359427,482.648,1,
1538,7,1777406156.931679,1777406157.399063,467.383,1,
338,1,1777406156.982869,1777406157.450892,468.021,1,
1938,9,1777406157.038438,1777406157.507604,469.165,1,
1139,5,1777406157.087498,1777406157.558395,470.896,1,
938,4,1777406157.130390,1777406157.599819,469.427,1,
141,0,1777406157.179747,1777406157.646878,467.130,1,
539,2,1777406157.222506,1777406157.690482,467.975,1,
742,3,1777406157.266580,1777406157.746411,479.830,1,
1339,6,1777406157.312635,1777406157.795852,483.215,1,
1739,8,1777406157.359592,1777406157.856191,496.598,1,
1539,7,1777406157.399101,1777406157.900064,500.962,1,
339,1,1777406157.450933,1777406157.940906,489.972,1,
1939,9,1777406157.507642,1777406157.983413,475.770,1,
1140,5,1777406157.558434,1777406158.050936,492.501,1,
939,4,1777406157.599858,1777406158.106212,506.353,1,
142,0,1777406157.646917,1777406158.162039,515.121,1,
540,2,1777406157.690531,1777406158.216138,525.606,1,
743,3,1777406157.746448,1777406158.260619,514.170,1,
1340,6,1777406157.795892,1777406158.300508,504.615,1,
1740,8,1777406157.856374,1777406158.338168,481.794,1,
1540,7,1777406157.900103,1777406158.387806,487.702,1,
340,1,1777406157.940949,1777406158.445170,504.220,1,
1940,9,1777406157.983452,1777406158.499024,515.571,1,
1141,5,1777406158.051005,1777406158.544233,493.227,1,
940,4,1777406158.106251,1777406158.589285,483.032,1,
143,0,1777406158.162079,1777406158.631239,469.158,1,
541,2,1777406158.216179,1777406158.674779,458.599,1,
744,3,1777406158.260660,1777406158.726566,465.904,1,
1341,6,1777406158.300552,1777406158.766161,465.608,1,
1741,8,1777406158.338206,1777406158.805492,467.286,1,
1541,7,1777406158.387844,1777406158.846298,458.452,1,
341,1,1777406158.445209,1777406158.891955,446.745,1,
1941,9,1777406158.499065,1777406158.929873,430.806,1,
1142,5,1777406158.544456,1777406158.973302,428.845,1,
941,4,1777406158.589331,1777406159.033305,443.972,1,
144,0,1777406158.631280,1777406159.095799,464.517,1,
542,2,1777406158.674819,1777406159.153162,478.342,1,
745,3,1777406158.726606,1777406159.205540,478.934,1,
1342,6,1777406158.766199,1777406159.246830,480.630,1,
1742,8,1777406158.805531,1777406159.288715,483.184,1,
1542,7,1777406158.846340,1777406159.348630,502.289,1,
342,1,1777406158.892045,1777406159.409591,517.546,1,
1942,9,1777406158.929910,1777406159.465131,535.219,1,
1143,5,1777406158.973438,1777406159.519716,546.276,1,
942,4,1777406159.033430,1777406159.579946,546.516,1,
145,0,1777406159.095843,1777406159.633903,538.059,1,
543,2,1777406159.153198,1777406159.694801,541.601,1,
746,3,1777406159.205589,1777406159.748336,542.746,1,
1343,6,1777406159.246869,1777406159.785146,538.275,1,
1743,8,1777406159.288753,1777406159.825732,536.978,1,
1543,7,1777406159.348682,1777406159.867515,518.832,1,
343,1,1777406159.409631,1777406159.916809,507.177,1,
1943,9,1777406159.465168,1777406159.960238,495.068,1,
1144,5,1777406159.519754,1777406160.004232,484.476,1,
943,4,1777406159.580023,1777406160.044629,464.605,1,
146,0,1777406159.633955,1777406160.099097,465.140,1,
544,2,1777406159.694840,1777406160.161834,466.993,1,
747,3,1777406159.748377,1777406160.208741,460.363,1,
1344,6,1777406159.785184,1777406160.267101,481.915,1,
1744,8,1777406159.825772,1777406160.320736,494.963,1,
1544,7,1777406159.867563,1777406160.373892,506.328,1,
344,1,1777406159.916847,1777406160.432841,515.993,1,
1944,9,1777406159.960277,1777406160.487746,527.468,1,
1145,5,1777406160.004270,1777406160.535126,530.855,1,
944,4,1777406160.044668,1777406160.587292,542.623,1,
147,0,1777406160.099137,1777406160.625803,526.666,1,
545,2,1777406160.161882,1777406160.669221,507.338,1,
748,3,1777406160.208781,1777406160.706511,497.729,1,
1345,6,1777406160.267142,1777406160.752290,485.147,1,
1745,8,1777406160.320775,1777406160.795920,475.145,1,
1545,7,1777406160.373931,1777406160.849216,475.283,1,
345,1,1777406160.432880,1777406160.892137,459.256,1,
1945,9,1777406160.487791,1777406160.957132,469.340,1,
1146,5,1777406160.535164,1777406160.993740,458.574,1,
945,4,1777406160.587369,1777406161.034095,446.725,1,
148,0,1777406160.625844,1777406161.081949,456.105,1,
546,2,1777406160.669260,1777406161.138884,469.622,1,
749,3,1777406160.706560,1777406161.180609,474.048,1,
1346,6,1777406160.752332,1777406161.222592,470.259,1,
1746,8,1777406160.795959,1777406161.265760,469.800,1,
1546,7,1777406160.849252,1777406161.321611,472.357,1,
346,1,1777406160.892185,1777406161.367711,475.525,1,
1946,9,1777406160.957173,1777406161.412084,454.911,1,
1147,5,1777406160.993780,1777406161.461643,467.863,1,
946,4,1777406161.034135,1777406161.518175,484.039,1,
149,0,1777406161.082028,1777406161.559644,477.615,1,
547,2,1777406161.138924,1777406161.614945,476.020,1,
750,3,1777406161.180653,1777406161.668654,488.000,1,
1347,6,1777406161.222635,1777406161.717382,494.747,1,
1747,8,1777406161.265802,1777406161.769466,503.664,1,
1547,7,1777406161.321652,1777406161.808664,487.011,1,
347,1,1777406161.367749,1777406161.851076,483.326,1,
1947,9,1777406161.412122,1777406161.906774,494.650,1,
1148,5,1777406161.461684,1777406161.959752,498.066,1,
947,4,1777406161.518215,1777406162.008280,490.064,1,
150,0,1777406161.559683,1777406162.052732,493.048,1,
548,2,1777406161.615017,1777406162.112795,497.777,1,
751,3,1777406161.668694,1777406162.157042,488.347,1,
1348,6,1777406161.717422,1777406162.220270,502.845,1,
1748,8,1777406161.769516,1777406162.269027,499.510,1,
1548,7,1777406161.808702,1777406162.317638,508.936,1,
348,1,1777406161.851115,1777406162.357821,506.704,1,
1948,9,1777406161.906821,1777406162.397570,490.748,1,
1149,5,1777406161.959795,1777406162.453502,493.706,1,
948,4,1777406162.008321,1777406162.500886,492.564,1,
151,0,1777406162.052780,1777406162.544488,491.707,1,
549,2,1777406162.112833,1777406162.584842,472.009,1,
752,3,1777406162.157080,1777406162.628215,471.134,1,
1349,6,1777406162.220319,1777406162.677893,457.573,1,
1749,8,1777406162.269070,1777406162.727811,458.740,1,
1549,7,1777406162.317691,1777406162.765439,447.747,1,
349,1,1777406162.357863,1777406162.821225,463.361,1,
1949,9,1777406162.397621,1777406162.863436,465.814,1,
1150,5,1777406162.453544,1777406162.916297,462.752,1,
949,4,1777406162.500925,1777406162.965039,464.112,1,
152,0,1777406162.544546,1777406163.009425,464.878,1,
550,2,1777406162.584892,1777406163.062072,477.180,1,
753,3,1777406162.628256,1777406163.113615,485.357,1,
1350,6,1777406162.677934,1777406163.161356,483.421,1,
1750,8,1777406162.727850,1777406163.216101,488.250,1,
1550,7,1777406162.765477,1777406163.275911,510.421,1,
350,1,1777406162.821263,1777406163.336862,515.598,1,
1950,9,1777406162.863481,1777406163.378318,514.836,1,
1151,5,1777406162.916337,1777406163.429058,512.720,1,
950,4,1777406162.965079,1777406163.473604,508.524,1,
153,0,1777406163.009463,1777406163.535888,526.424,1,
551,2,1777406163.062121,1777406163.585464,523.342,1,
754,3,1777406163.113653,1777406163.631088,517.434,1,
1351,6,1777406163.161405,1777406163.702203,540.797,1,
1751,8,1777406163.216139,1777406163.762004,545.864,1,
1551,7,1777406163.275952,1777406163.811436,535.483,1,
351,1,1777406163.336901,1777406163.858115,521.213,1,
1951,9,1777406163.378366,1777406163.908937,530.570,1,
1152,5,1777406163.429099,1777406163.950024,520.924,1,
951,4,1777406163.473643,1777406163.998160,524.516,1,
154,0,1777406163.535928,1777406164.053312,517.383,1,
552,2,1777406163.585613,1777406164.117492,531.878,1,
755,3,1777406163.631127,1777406164.172697,541.568,1,
1352,6,1777406163.702249,1777406164.232961,530.711,1,
1752,8,1777406163.762048,1777406164.277138,515.089,1,
1552,7,1777406163.811477,1777406164.315269,503.791,1,
352,1,1777406163.858156,1777406164.362822,504.665,1,
1952,9,1777406163.909017,1777406164.413532,504.515,1,
1153,5,1777406163.950063,1777406164.467843,517.780,1,
952,4,1777406163.998200,1777406164.517146,518.946,1,
155,0,1777406164.053398,1777406164.585018,531.619,1,
553,2,1777406164.117541,1777406164.637650,520.108,1,
756,3,1777406164.172734,1777406164.685473,512.738,1,
1353,6,1777406164.233001,1777406164.735920,502.918,1,
1753,8,1777406164.277180,1777406164.796927,519.746,1,
1553,7,1777406164.315314,1777406164.841566,526.250,1,
353,1,1777406164.362860,1777406164.907563,544.701,1,
1953,9,1777406164.413571,1777406164.960134,546.561,1,
1154,5,1777406164.467882,1777406165.002830,534.947,1,
953,4,1777406164.517185,1777406165.059596,542.410,1,
156,0,1777406164.585058,1777406165.116721,531.662,1,
554,2,1777406164.637706,1777406165.159755,522.048,1,
757,3,1777406164.685513,1777406165.197834,512.320,1,
1354,6,1777406164.735959,1777406165.247811,511.851,1,
1754,8,1777406164.797008,1777406165.286779,489.770,1,
1554,7,1777406164.841612,1777406165.367710,526.094,1,
354,1,1777406164.907623,1777406165.431947,524.323,1,
1954,9,1777406164.960184,1777406165.489334,529.149,1,
1155,5,1777406165.002872,1777406165.560285,557.411,1,
954,4,1777406165.059637,1777406165.608768,549.129,1,
157,0,1777406165.116772,1777406165.651046,534.272,1,
555,2,1777406165.159795,1777406165.695867,536.071,1,
758,3,1777406165.197872,1777406165.739208,541.335,1,
1355,6,1777406165.247850,1777406165.777807,529.957,1,
1755,8,1777406165.286817,1777406165.830861,544.044,1,
1555,7,1777406165.367750,1777406165.877808,510.056,1,
355,1,1777406165.432029,1777406165.928190,496.160,1,
1955,9,1777406165.489373,1777406165.976542,487.167,1,
1156,5,1777406165.560363,1777406166.027519,467.155,1,
955,4,1777406165.608826,1777406166.081610,472.783,1,
158,0,1777406165.651085,1777406166.141830,490.744,1,
556,2,1777406165.695905,1777406166.186791,490.884,1,
759,3,1777406165.739282,1777406166.242516,503.232,1,
1356,6,1777406165.777847,1777406166.290804,512.957,1,
1756,8,1777406165.830900,1777406166.345228,514.326,1,
1556,7,1777406165.877846,1777406166.399867,522.020,1,
356,1,1777406165.928230,1777406166.444829,516.599,1,
1956,9,1777406165.976591,1777406166.491191,514.599,1,
1157,5,1777406166.027579,1777406166.540685,513.105,1,
956,4,1777406166.081654,1777406166.587690,506.035,1,
159,0,1777406166.141868,1777406166.625699,483.829,1,
557,2,1777406166.186831,1777406166.663423,476.591,1,
760,3,1777406166.242556,1777406166.704953,462.396,1,
1357,6,1777406166.290843,1777406166.753674,462.829,1,
1757,8,1777406166.345269,1777406166.802953,457.684,1,
1557,7,1777406166.399905,1777406166.855840,455.934,1,
357,1,1777406166.444869,1777406166.905182,460.312,1,
1957,9,1777406166.491242,1777406166.946033,454.790,1,
1158,5,1777406166.540724,1777406166.989831,449.106,1,
957,4,1777406166.587731,1777406167.046633,458.901,1,
160,0,1777406166.625746,1777406167.099804,474.057,1,
558,2,1777406166.663463,1777406167.155870,492.406,1,
761,3,1777406166.705015,1777406167.209690,504.674,1,
1358,6,1777406166.753713,1777406167.270394,516.680,1,
1758,8,1777406166.803110,1777406167.318094,514.963,1,
1558,7,1777406166.855879,1777406167.377074,521.194,1,
358,1,1777406166.905370,1777406167.425072,519.701,1,
1958,9,1777406166.946073,1777406167.473721,527.647,1,
1159,5,1777406166.989871,1777406167.527038,537.165,1,
958,4,1777406167.046672,1777406167.577896,531.223,1,
161,0,1777406167.099842,1777406167.618512,518.669,1,
559,2,1777406167.155909,1777406167.663152,507.241,1,
762,3,1777406167.209731,1777406167.703198,493.467,1,
1359,6,1777406167.270436,1777406167.748894,478.457,1,
1759,8,1777406167.318133,1777406167.807866,489.731,1,
1559,7,1777406167.377112,1777406167.858220,481.106,1,
359,1,1777406167.425114,1777406167.911829,486.715,1,
1959,9,1777406167.473762,1777406167.964452,490.689,1,
1160,5,1777406167.527077,1777406168.006263,479.185,1,
959,4,1777406167.577938,1777406168.080900,502.961,1,
162,0,1777406167.618551,1777406168.136712,518.160,1,
560,2,1777406167.663191,1777406168.209791,546.599,1,
763,3,1777406167.703235,1777406168.260659,557.423,1,
1360,6,1777406167.748933,1777406168.313177,564.243,1,
1760,8,1777406167.807905,1777406168.378793,570.886,1,
1560,7,1777406167.858270,1777406168.443357,585.085,1,
360,1,1777406167.911869,1777406168.485603,573.733,1,
1960,9,1777406167.964494,1777406168.532945,568.449,1,
1161,5,1777406168.006312,1777406168.580355,574.041,1,
960,4,1777406168.080940,1777406168.625441,544.365,1,
163,0,1777406168.136751,1777406168.674859,538.106,1,
561,2,1777406168.209829,1777406168.718531,508.700,1,
764,3,1777406168.260698,1777406168.774421,513.722,1,
1361,6,1777406168.313215,1777406168.818225,505.008,1,
1761,8,1777406168.378841,1777406168.864852,486.010,1,
1561,7,1777406168.443395,1777406168.909954,466.557,1,
361,1,1777406168.485646,1777406168.962402,476.755,1,
1961,9,1777406168.533009,1777406169.032808,499.798,1,
1162,5,1777406168.580407,1777406169.093893,513.485,1,
961,4,1777406168.625489,1777406169.167011,541.521,1,
164,0,1777406168.674898,1777406169.225146,550.248,1,
562,2,1777406168.718570,1777406169.280931,562.360,1,
765,3,1777406168.774465,1777406169.361856,587.390,1,
1362,6,1777406168.818271,1777406169.418908,600.636,1,
1762,8,1777406168.864890,1777406169.476685,611.794,1,
1562,7,1777406168.910041,1777406169.519912,609.870,1,
362,1,1777406168.962444,1777406169.571891,609.445,1,
1962,9,1777406169.032848,1777406169.638838,605.988,1,
1163,5,1777406169.093934,1777406169.698153,604.217,1,
962,4,1777406169.167059,1777406169.751022,583.962,1,
165,0,1777406169.225185,1777406169.799482,574.295,1,
563,2,1777406169.281008,1777406169.854516,573.507,1,
766,3,1777406169.361893,1777406169.904881,542.987,1,
1363,6,1777406169.418946,1777406169.959755,540.808,1,
1763,8,1777406169.476724,1777406170.009127,532.402,1,
1563,7,1777406169.519951,1777406170.074847,554.896,1,
363,1,1777406169.571930,1777406170.139082,567.152,1,
1963,9,1777406169.638892,1777406170.199719,560.826,1,
1164,5,1777406169.698195,1777406170.244023,545.827,1,
963,4,1777406169.751063,1777406170.297152,546.088,1,
166,0,1777406169.799524,1777406170.345415,545.890,1,
564,2,1777406169.854555,1777406170.386807,532.251,1,
767,3,1777406169.904919,1777406170.434056,529.136,1,
1364,6,1777406169.959799,1777406170.484811,525.011,1,
1764,8,1777406170.009165,1777406170.546175,537.009,1,
1564,7,1777406170.074888,1777406170.608190,533.302,1,
364,1,1777406170.139122,1777406170.667674,528.551,1,
1964,9,1777406170.199762,1777406170.717645,517.882,1,
1165,5,1777406170.244066,1777406170.773038,528.970,1,
964,4,1777406170.297192,1777406170.828177,530.984,1,
167,0,1777406170.345455,1777406170.876771,531.315,1,
565,2,1777406170.386846,1777406170.927699,540.852,1,
768,3,1777406170.434170,1777406170.975363,541.193,1,
1365,6,1777406170.484858,1777406171.034237,549.378,1,
1765,8,1777406170.546214,1777406171.094641,548.425,1,
1565,7,1777406170.608227,1777406171.155125,546.896,1,
365,1,1777406170.667715,1777406171.211193,543.477,1,
1965,9,1777406170.717684,1777406171.268904,551.218,1,
1166,5,1777406170.773078,1777406171.328296,555.217,1,
965,4,1777406170.828220,1777406171.380352,552.132,1,
168,0,1777406170.876812,1777406171.444268,567.454,1,
566,2,1777406170.927739,1777406171.495459,567.720,1,
769,3,1777406170.975402,1777406171.555127,579.724,1,
1366,6,1777406171.034287,1777406171.609179,574.891,1,
1766,8,1777406171.094686,1777406171.663438,568.751,1,
1566,7,1777406171.155175,1777406171.719289,564.113,1,
366,1,1777406171.211231,1777406171.780248,569.016,1,
1966,9,1777406171.268941,1777406171.832348,563.406,1,
1167,5,1777406171.328334,1777406171.884481,556.145,1,
966,4,1777406171.380392,1777406171.941946,561.553,1,
169,0,1777406171.444309,1777406171.999144,554.834,1,
567,2,1777406171.495510,1777406172.056727,561.216,1,
770,3,1777406171.555167,1777406172.123932,568.764,1,
1367,6,1777406171.609231,1777406172.179226,569.995,1,
1767,8,1777406171.663477,1777406172.240861,577.383,1,
1567,7,1777406171.719338,1777406172.289609,570.270,1,
367,1,1777406171.780303,1777406172.330506,550.203,1,
1967,9,1777406171.832392,1777406172.376373,543.979,1,
1168,5,1777406171.884526,1777406172.424209,539.682,1,
967,4,1777406171.942028,1777406172.472545,530.516,1,
170,0,1777406171.999183,1777406172.528379,529.196,1,
568,2,1777406172.056769,1777406172.576076,519.306,1,
771,3,1777406172.124003,1777406172.620376,496.372,1,
1368,6,1777406172.179466,1777406172.670385,490.918,1,
1768,8,1777406172.240901,1777406172.718653,477.751,1,
1568,7,1777406172.289648,1777406172.767457,477.807,1,
368,1,1777406172.330556,1777406172.817932,487.375,1,
1968,9,1777406172.376416,1777406172.866206,489.790,1,
1169,5,1777406172.424248,1777406172.924121,499.872,1,
968,4,1777406172.472593,1777406172.977883,505.289,1,
171,0,1777406172.528419,1777406173.045810,517.390,1,
569,2,1777406172.576119,1777406173.105661,529.541,1,
772,3,1777406172.620415,1777406173.162780,542.364,1,
1369,6,1777406172.670425,1777406173.221190,550.764,1,
1769,8,1777406172.718693,1777406173.276108,557.413,1,
1569,7,1777406172.767495,1777406173.334183,566.687,1,
369,1,1777406172.818065,1777406173.376874,558.808,1,
1969,9,1777406172.866248,1777406173.419360,553.111,1,
1170,5,1777406172.924160,1777406173.464920,540.759,1,
969,4,1777406172.977927,1777406173.527831,549.903,1,
172,0,1777406173.045847,1777406173.585218,539.370,1,
570,2,1777406173.105696,1777406173.629833,524.136,1,
773,3,1777406173.162822,1777406173.684722,521.899,1,
1370,6,1777406173.221229,1777406173.744932,523.702,1,
1770,8,1777406173.276148,1777406173.788075,511.925,1,
1570,7,1777406173.334219,1777406173.833179,498.959,1,
370,1,1777406173.376914,1777406173.877836,500.921,1,
1970,9,1777406173.419399,1777406173.922367,502.967,1,
1171,5,1777406173.464959,1777406173.967072,502.112,1,
970,4,1777406173.527881,1777406174.041168,513.286,1,
173,0,1777406173.585440,1777406174.096873,511.432,1,
571,2,1777406173.629870,1777406174.156027,526.156,1,
774,3,1777406173.684762,1777406174.205098,520.335,1,
1371,6,1777406173.745007,1777406174.259308,514.300,1,
1771,8,1777406173.788114,1777406174.306701,518.587,1,
1571,7,1777406173.833216,1777406174.365831,532.614,1,
371,1,1777406173.877876,1777406174.424935,547.059,1,
1971,9,1777406173.922404,1777406174.468281,545.875,1,
1172,5,1777406173.967113,1777406174.511123,544.009,1,
971,4,1777406174.041218,1777406174.562845,521.626,1,
174,0,1777406174.096921,1777406174.603583,506.660,1,
572,2,1777406174.156079,1777406174.645913,489.833,1,
775,3,1777406174.205136,1777406174.686724,481.587,1,
1372,6,1777406174.259347,1777406174.744062,484.713,1,
1772,8,1777406174.306741,1777406174.794560,487.817,1,
1572,7,1777406174.365871,1777406174.852888,487.015,1,
372,1,1777406174.425074,1777406174.906512,481.437,1,
1972,9,1777406174.468328,1777406174.961868,493.539,1,
1173,5,1777406174.511167,1777406175.008641,497.473,1,
972,4,1777406174.562887,1777406175.058632,495.744,1,
175,0,1777406174.603629,1777406175.124612,520.982,1,
573,2,1777406174.645960,1777406175.189700,543.738,1,
776,3,1777406174.686761,1777406175.239405,552.643,1,
1373,6,1777406174.744100,1777406175.283070,538.968,1,
1773,8,1777406174.794610,1777406175.330747,536.137,1,
1573,7,1777406174.852927,1777406175.377615,524.687,1,
373,1,1777406174.906565,1777406175.426018,519.452,1,
1973,9,1777406174.961909,1777406175.477913,516.004,1,
1174,5,1777406175.008679,1777406175.527299,518.619,1,
973,4,1777406175.058670,1777406175.585580,526.908,1,
176,0,1777406175.124650,1777406175.639643,514.992,1,
574,2,1777406175.189739,1777406175.691028,501.288,1,
777,3,1777406175.239444,1777406175.754750,515.306,1,
1374,6,1777406175.283109,1777406175.792811,509.701,1,
1774,8,1777406175.330786,1777406175.844428,513.640,1,
1574,7,1777406175.377654,1777406175.892963,515.308,1,
374,1,1777406175.426069,1777406175.939282,513.213,1,
1974,9,1777406175.477952,1777406175.980244,502.292,1,
1175,5,1777406175.527338,1777406176.047384,520.045,1,
974,4,1777406175.585625,1777406176.115745,530.120,1,
177,0,1777406175.639681,1777406176.172736,533.054,1,
575,2,1777406175.691067,1777406176.227586,536.517,1,
778,3,1777406175.754790,1777406176.283599,528.808,1,
1375,6,1777406175.792861,1777406176.342150,549.288,1,
1775,8,1777406175.844476,1777406176.405301,560.824,1,
1575,7,1777406175.893046,1777406176.458743,565.696,1,
375,1,1777406175.939335,1777406176.518242,578.906,1,
1975,9,1777406175.980286,1777406176.575953,595.666,1,
1176,5,1777406176.047432,1777406176.631138,583.705,1,
975,4,1777406176.115785,1777406176.692945,577.160,1,
178,0,1777406176.172777,1777406176.751002,578.223,1,
576,2,1777406176.227630,1777406176.807945,580.314,1,
779,3,1777406176.283637,1777406176.874371,590.733,1,
1376,6,1777406176.342187,1777406176.926673,584.485,1,
1776,8,1777406176.405344,1777406176.975398,570.052,1,
1576,7,1777406176.458781,1777406177.019229,560.447,1,
376,1,1777406176.518281,1777406177.077047,558.765,1,
1976,9,1777406176.576029,1777406177.131944,555.915,1,
1177,5,1777406176.631175,1777406177.178386,547.210,1,
976,4,1777406176.693013,1777406177.224039,531.026,1,
179,0,1777406176.751041,1777406177.286857,535.814,1,
577,2,1777406176.808014,1777406177.341434,533.419,1,
780,3,1777406176.874420,1777406177.379935,505.513,1,
1377,6,1777406176.926713,1777406177.420331,493.617,1,
1777,8,1777406176.975439,1777406177.466109,490.669,1,
1577,7,1777406177.019275,1777406177.512351,493.075,1,
377,1,1777406177.077087,1777406177.567108,490.020,1,
1977,9,1777406177.132010,1777406177.604275,472.264,1,
1178,5,1777406177.178432,1777406177.658147,479.714,1,
977,4,1777406177.224077,1777406177.712600,488.521,1,
180,0,1777406177.286897,1777406177.772288,485.390,1,
578,2,1777406177.341479,1777406177.812229,470.749,1,
781,3,1777406177.380001,1777406177.852177,472.175,1,
1378,6,1777406177.420379,1777406177.907184,486.803,1,
1778,8,1777406177.466149,1777406177.978629,512.479,1,
1578,7,1777406177.512401,1777406178.035569,523.166,1,
378,1,1777406177.567158,1777406178.096190,529.031,1,
1978,9,1777406177.604325,1777406178.138534,534.208,1,
1179,5,1777406177.658188,1777406178.188534,530.345,1,
978,4,1777406177.712646,1777406178.248048,535.402,1,
181,0,1777406177.772336,1777406178.308201,535.865,1,
579,2,1777406177.812268,1777406178.367424,555.156,1,
782,3,1777406177.852217,1777406178.421520,569.302,1,
1379,6,1777406177.907226,1777406178.472366,565.139,1,
1779,8,1777406177.978670,1777406178.520667,541.995,1,
1579,7,1777406178.035609,1777406178.570782,535.172,1,
379,1,1777406178.096407,1777406178.616155,519.747,1,
1979,9,1777406178.138576,1777406178.662055,523.478,1,
1180,5,1777406178.188586,1777406178.716934,528.347,1,
979,4,1777406178.248091,1777406178.777886,529.794,1,
182,0,1777406178.308242,1777406178.818478,510.235,1,
580,2,1777406178.367467,1777406178.866876,499.408,1,
783,3,1777406178.421558,1777406178.920627,499.068,1,
1380,6,1777406178.472448,1777406178.974770,502.321,1,
1780,8,1777406178.520711,1777406179.033828,513.115,1,
1580,7,1777406178.570826,1777406179.088779,517.953,1,
380,1,1777406178.616199,1777406179.147939,531.739,1,
1980,9,1777406178.662095,1777406179.211637,549.542,1,
1181,5,1777406178.717014,1777406179.263659,546.644,1,
980,4,1777406178.777925,1777406179.301840,523.914,1,
183,0,1777406178.818520,1777406179.364962,546.441,1,
581,2,1777406178.866915,1777406179.419200,552.284,1,
784,3,1777406178.920672,1777406179.474480,553.806,1,
1381,6,1777406178.974816,1777406179.512455,537.638,1,
1781,8,1777406179.033870,1777406179.554899,521.028,1,
1581,7,1777406179.088820,1777406179.600849,512.029,1,
381,1,1777406179.148038,1777406179.652405,504.367,1,
1981,9,1777406179.211676,1777406179.706544,494.868,1,
1182,5,1777406179.263700,1777406179.757798,494.097,1,
981,4,1777406179.301885,1777406179.798539,496.653,1,
184,0,1777406179.365040,1777406179.873340,508.299,1,
582,2,1777406179.419238,1777406179.910766,491.526,1,
785,3,1777406179.474518,1777406179.956103,481.585,1,
1382,6,1777406179.512572,1777406179.997289,484.716,1,
1782,8,1777406179.554937,1777406180.056375,501.437,1,
1582,7,1777406179.600889,1777406180.110354,509.464,1,
382,1,1777406179.652443,1777406180.166227,513.783,1,
1982,9,1777406179.706602,1777406180.222734,516.131,1,
1183,5,1777406179.757836,1777406180.273168,515.331,1,
982,4,1777406179.798595,1777406180.330443,531.847,1,
185,0,1777406179.873381,1777406180.380378,506.996,1,
583,2,1777406179.910804,1777406180.421052,510.247,1,
786,3,1777406179.956141,1777406180.471764,515.621,1,
1383,6,1777406179.997338,1777406180.510581,513.241,1,
1783,8,1777406180.056417,1777406180.559962,503.544,1,
1583,7,1777406180.110402,1777406180.608118,497.715,1,
383,1,1777406180.166274,1777406180.662067,495.792,1,
1983,9,1777406180.222780,1777406180.712589,489.808,1,
1184,5,1777406180.273207,1777406180.771719,498.511,1,
983,4,1777406180.330488,1777406180.815449,484.960,1,
186,0,1777406180.380416,1777406180.856115,475.698,1,
584,2,1777406180.421092,1777406180.910454,489.361,1,
787,3,1777406180.471801,1777406180.962078,490.276,1,
1384,6,1777406180.510629,1777406181.005437,494.807,1,
1784,8,1777406180.560037,1777406181.066784,506.746,1,
1584,7,1777406180.608158,1777406181.127670,519.510,1,
384,1,1777406180.662107,1777406181.198030,535.921,1,
1984,9,1777406180.712630,1777406181.250282,537.651,1,
1185,5,1777406180.771758,1777406181.294674,522.915,1,
984,4,1777406180.815496,1777406181.358511,543.014,1,
187,0,1777406180.856159,1777406181.414066,557.907,1,
585,2,1777406180.910494,1777406181.471284,560.788,1,
788,3,1777406180.962119,1777406181.538804,576.684,1,
1385,6,1777406181.005482,1777406181.598370,592.887,1,
1785,8,1777406181.066822,1777406181.656602,589.779,1,
1585,7,1777406181.127708,1777406181.720271,592.562,1,
385,1,1777406181.198094,1777406181.774802,576.707,1,
1985,9,1777406181.250402,1777406181.829909,579.506,1,
1186,5,1777406181.294715,1777406181.890857,596.140,1,
985,4,1777406181.358553,1777406181.950958,592.404,1,
188,0,1777406181.414104,1777406182.001066,586.960,1,
586,2,1777406181.471328,1777406182.060913,589.584,1,
789,3,1777406181.538850,1777406182.122020,583.168,1,
1386,6,1777406181.598411,1777406182.195449,597.037,1,
1786,8,1777406181.656645,1777406182.259534,602.878,1,
1586,7,1777406181.720310,1777406182.319075,598.765,1,
386,1,1777406181.774848,1777406182.373183,598.333,1,
1986,9,1777406181.829947,1777406182.460114,630.166,1,
1187,5,1777406181.890900,1777406182.509468,618.566,1,
986,4,1777406181.951043,1777406182.571829,620.785,1,
189,0,1777406182.001107,1777406182.616075,614.967,1,
587,2,1777406182.060952,1777406182.677476,616.523,1,
790,3,1777406182.122061,1777406182.723366,601.304,1,
1387,6,1777406182.195496,1777406182.780891,585.394,1,
1787,8,1777406182.259574,1777406182.834619,575.045,1,
1587,7,1777406182.319115,1777406182.877301,558.185,1,
387,1,1777406182.373224,1777406182.920926,547.701,1,
1987,9,1777406182.460152,1777406182.979912,519.759,1,
1188,5,1777406182.509511,1777406183.029665,520.152,1,
987,4,1777406182.571867,1777406183.087943,516.075,1,
190,0,1777406182.616113,1777406183.142613,526.499,1,
588,2,1777406182.677518,1777406183.188334,510.815,1,
791,3,1777406182.723413,1777406183.244007,520.593,1,
1388,6,1777406182.780931,1777406183.287859,506.928,1,
1788,8,1777406182.834658,1777406183.340086,505.426,1,
1588,7,1777406182.877351,1777406183.384036,506.684,1,
388,1,1777406182.921025,1777406183.435261,514.235,1,
1988,9,1777406182.979950,1777406183.483634,503.682,1,
1189,5,1777406183.029704,1777406183.531821,502.116,1,
988,4,1777406183.088011,1777406183.592626,504.614,1,
191,0,1777406183.142652,1777406183.638471,495.811,1,
589,2,1777406183.188374,1777406183.685250,496.875,1,
792,3,1777406183.244048,1777406183.720936,476.886,1,
1389,6,1777406183.287899,1777406183.778126,490.227,1,
1789,8,1777406183.340125,1777406183.827438,487.312,1,
1589,7,1777406183.384075,1777406183.879447,495.371,1,
389,1,1777406183.435314,1777406183.921300,485.985,1,
1989,9,1777406183.483673,1777406183.965544,481.870,1,
1190,5,1777406183.531860,1777406184.026810,494.948,1,
989,4,1777406183.592664,1777406184.091887,499.222,1,
192,0,1777406183.638514,1777406184.151189,512.674,1,
590,2,1777406183.685293,1777406184.209188,523.894,1,
793,3,1777406183.721004,1777406184.264555,543.550,1,
1390,6,1777406183.778164,1777406184.324702,546.536,1,
1790,8,1777406183.827481,1777406184.381825,554.343,1,
1590,7,1777406183.879489,1777406184.433922,554.432,1,
390,1,1777406183.921351,1777406184.485831,564.479,1,
1990,9,1777406183.965585,1777406184.541610,576.024,1,
1191,5,1777406184.026849,1777406184.609876,583.027,1,
990,4,1777406184.091927,1777406184.656463,564.534,1,
193,0,1777406184.151242,1777406184.707932,556.688,1,
591,2,1777406184.209226,1777406184.763161,553.934,1,
794,3,1777406184.264604,1777406184.817361,552.756,1,
1391,6,1777406184.324740,1777406184.867906,543.165,1,
1791,8,1777406184.381865,1777406184.926629,544.764,1,
1591,7,1777406184.434003,1777406184.971916,537.912,1,
391,1,1777406184.485870,1777406185.043211,557.341,1,
1991,9,1777406184.541657,1777406185.124717,583.059,1,
1192,5,1777406184.609921,1777406185.171658,561.737,1,
991,4,1777406184.656504,1777406185.225058,568.552,1,
194,0,1777406184.707999,1777406185.272676,564.676,1,
592,2,1777406184.763199,1777406185.322170,558.970,1,
795,3,1777406184.817410,1777406185.370304,552.893,1,
1392,6,1777406184.867945,1777406185.424102,556.157,1,
1792,8,1777406184.926672,1777406185.479649,552.976,1,
1592,7,1777406184.971956,1777406185.537110,565.154,1,
392,1,1777406185.043365,1777406185.585530,542.163,1,
1992,9,1777406185.124761,1777406185.627823,503.061,1,
1193,5,1777406185.171699,1777406185.669003,497.302,1,
992,4,1777406185.225097,1777406185.711845,486.746,1,
195,0,1777406185.272718,1777406185.775632,502.913,1,
593,2,1777406185.322212,1777406185.831686,509.473,1,
796,3,1777406185.370343,1777406185.884222,513.877,1,
1393,6,1777406185.424149,1777406185.931811,507.661,1,
1793,8,1777406185.479691,1777406185.974890,495.198,1,
1593,7,1777406185.537153,1777406186.038795,501.642,1,
393,1,1777406185.585581,1777406186.086198,500.616,1,
1993,9,1777406185.627864,1777406186.145434,517.569,1,
1194,5,1777406185.669044,1777406186.201890,532.846,1,
993,4,1777406185.711884,1777406186.262584,550.698,1,
196,0,1777406185.775670,1777406186.321195,545.524,1,
594,2,1777406185.831727,1777406186.371718,539.990,1,
797,3,1777406185.884385,1777406186.411337,526.950,1,
1394,6,1777406185.931849,1777406186.456887,525.037,1,
1794,8,1777406185.974942,1777406186.502482,527.539,1,
1594,7,1777406186.038838,1777406186.541459,502.620,1,
394,1,1777406186.086434,1777406186.583921,497.487,1,
1994,9,1777406186.145603,1777406186.620958,475.354,1,
1195,5,1777406186.201928,1777406186.666341,464.411,1,
994,4,1777406186.262625,1777406186.708761,446.136,1,
197,0,1777406186.321234,1777406186.764805,443.570,1,
595,2,1777406186.371756,1777406186.823153,451.396,1,
798,3,1777406186.411386,1777406186.871186,459.799,1,
1395,6,1777406186.456925,1777406186.925282,468.357,1,
1795,8,1777406186.502525,1777406186.974043,471.516,1,
1595,7,1777406186.541503,1777406187.029024,487.520,1,
395,1,1777406186.583959,1777406187.086715,502.754,1,
1995,9,1777406186.621036,1777406187.144613,523.522,1,
1196,5,1777406186.666386,1777406187.207371,540.984,1,
995,4,1777406186.708800,1777406187.268671,559.871,1,
198,0,1777406186.764843,1777406187.319396,554.552,1,
596,2,1777406186.823194,1777406187.369683,546.488,1,
799,3,1777406186.871237,1777406187.423209,551.971,1,
1396,6,1777406186.925331,1777406187.471934,546.602,1,
1796,8,1777406186.974088,1777406187.523384,549.295,1,
1596,7,1777406187.029067,1777406187.562607,533.538,1,
396,1,1777406187.086770,1777406187.609962,523.189,1,
1996,9,1777406187.144656,1777406187.665333,520.676,1,
1197,5,1777406187.207418,1777406187.719702,512.283,1,
996,4,1777406187.268714,1777406187.761883,493.167,1,
199,0,1777406187.319451,1777406187.813726,494.274,1,
597,2,1777406187.369723,1777406187.862872,493.148,1,
1397,6,1777406187.472007,1777406187.915303,443.295,1,
1797,8,1777406187.523433,1777406187.955209,431.774,1,
1597,7,1777406187.562651,1777406188.019042,456.390,1,
397,1,1777406187.610057,1777406188.077902,467.845,1,
1997,9,1777406187.665371,1777406188.143511,478.139,1,
1198,5,1777406187.719742,1777406188.219016,499.273,1,
997,4,1777406187.761931,1777406188.278845,516.913,1,
598,2,1777406187.862911,1777406188.337912,475.001,1,
1398,6,1777406187.915344,1777406188.391999,476.654,1,
1798,8,1777406187.955246,1777406188.447376,492.128,1,
1598,7,1777406188.019082,1777406188.503927,484.843,1,
398,1,1777406188.077941,1777406188.557418,479.476,1,
1998,9,1777406188.143552,1777406188.598249,454.696,1,
1199,5,1777406188.219056,1777406188.639088,420.030,1,
998,4,1777406188.278885,1777406188.707276,428.391,1,
599,2,1777406188.337950,1777406188.756806,418.854,1,
1399,6,1777406188.392066,1777406188.800848,408.781,1,
1799,8,1777406188.447417,1777406188.862376,414.958,1,
1599,7,1777406188.504011,1777406188.908812,404.800,1,
399,1,1777406188.557457,1777406188.966357,408.898,1,
1999,9,1777406188.598286,1777406189.024311,426.024,1,
999,4,1777406188.707331,1777406189.100801,393.470,1,
